# KYUB Editor .obj Export
# kyub.com

v -239.03500616722155 32.03452091785762 149.9968913952613
v -239.03487580552166 32.034556781901145 139.9968913961753
v -234.11008441018527 28.607250301627445 139.99694330488623
v -234.1099540484854 28.607286165670974 129.99694330580024
v -239.0347454438218 32.03459264594468 129.9968913970893
v -239.03461508212192 32.034628509988195 119.99689139800334
v -234.10982368678552 28.607322029714496 119.99694330671424
v -234.10969332508563 28.607357893758024 109.99694330762826
v -239.03448472042203 32.03466437403173 109.99689139891736
v -239.03435435872217 32.034700238075246 99.99689139983137
v -230.82636869982818 26.32252277095241 99.99697791434956
v -230.82644691684808 26.322501252526298 105.99697791380115
v -222.6184612579541 20.610323785403462 105.99706442831933
v -222.61838304093416 20.610345303829575 99.99706442886773
v -214.41039738204017 14.898167836706737 99.99715094338592
v -214.4104755990601 14.898146318280624 105.99715094283752
v -206.20248994016612 9.185968851157785 105.9972374573557
v -206.20241172314618 9.185990369583902 99.9972374579041
v -197.9944260642522 3.473812902461063 99.9973239724223
v -197.99455642595208 3.4737770384175377 109.99732397150828
v -202.91934782128848 6.901083518691248 109.99727206279736
v -202.91947818298834 6.901047654647719 119.99727206188335
v -197.99468678765194 3.4737411743740125 119.99732397059427
v -197.99481714935183 3.4737053103304874 129.99732396968025
v -202.91960854468823 6.901011790604194 129.99727206096932
v -202.9197389063881 6.900975926560665 139.9972720600553
v -197.99494751105172 3.4736694462869693 139.99732396876624
v -197.99507787275158 3.473633582243437 149.99732396785222
v -206.20306353164557 9.185811049366272 149.99723745333404
v -206.20298531462566 9.185832567792392 143.99723745388243
v -214.41097097351965 14.898010034915227 143.99715093936425
v -214.4110491905396 14.89798851648911 149.99715093881585
v -222.61903484943358 20.61016598361195 149.99706442429766
v -222.61895663241364 20.610187502038066 143.99706442484606
v -230.82694229130763 26.3223649691609 143.99697791032787
v -230.82702050832756 26.322343450734785 149.99697790977947

vn 0 0 1
vn 0 0 1
vn 0 0 1
vn 0 0 1
vn 0 0 1
vn 0 0 1
vn 0 0 1
vn 0 0 1
vn 0 0 1
vn 0 0 1
vn 0 0 1
vn 0 0 1
vn 0 0 1
vn 0 0 1
vn 0 0 1
vn 0 0 1
vn 0 0 1
vn 0 0 1
vn 0 0 1
vn 0 0 1
vn 0 0 1
vn 0 0 1
vn 0 0 1
vn 0 0 1
vn 0 0 1
vn 0 0 1
vn 0 0 1
vn 0 0 1
vn 0 0 1
vn 0 0 1
vn 0 0 1
vn 0 0 1
vn 0 0 1
vn 0 0 1
vn 0 0 1
vn 0 0 1

vt -25 -25 0.0
vt -15 -25 0.0
vt -15 -19 0.0
vt -5 -19 0.0
vt -5 -25 0.0
vt 5 -25 0.0
vt 5 -19 0.0
vt 15 -19 0.0
vt 15 -25 0.0
vt 25 -25 0.0
vt 25 -15 0.0
vt 19 -15 0.0
vt 19 -5 0.0
vt 25 -5 0.0
vt 25 5 0.0
vt 19 5 0.0
vt 19 15 0.0
vt 25 15 0.0
vt 25 25 0.0
vt 15 25 0.0
vt 15 19 0.0
vt 5 19 0.0
vt 5 25 0.0
vt -5 25 0.0
vt -5 19 0.0
vt -15 19 0.0
vt -15 25 0.0
vt -25 25 0.0
vt -25 15 0.0
vt -19 15 0.0
vt -19 5 0.0
vt -25 5 0.0
vt -25 -5 0.0
vt -19 -5 0.0
vt -19 -15 0.0
vt -25 -15 0.0

o 0-plate-frontSurface
usemtl frontSurface
f 35/35/35 36/36/36 1/1/1
f 1/1/1 2/2/2 3/3/3
f 4/4/4 5/5/5 6/6/6
f 8/8/8 9/9/9 10/10/10
f 10/10/10 11/11/11 12/12/12
f 13/13/13 14/14/14 15/15/15
f 17/17/17 18/18/18 19/19/19
f 19/19/19 20/20/20 21/21/21
f 22/22/22 23/23/23 24/24/24
f 26/26/26 27/27/27 28/28/28
f 28/28/28 29/29/29 30/30/30
f 31/31/31 32/32/32 33/33/33
f 35/35/35 1/1/1 3/3/3
f 4/4/4 6/6/6 7/7/7
f 8/8/8 10/10/10 12/12/12
f 13/13/13 15/15/15 16/16/16
f 17/17/17 19/19/19 21/21/21
f 22/22/22 24/24/24 25/25/25
f 26/26/26 28/28/28 30/30/30
f 31/31/31 33/33/33 34/34/34
f 34/34/34 35/35/35 3/3/3
f 7/7/7 8/8/8 12/12/12
f 16/16/16 17/17/17 21/21/21
f 25/25/25 26/26/26 30/30/30
f 31/31/31 34/34/34 3/3/3
f 4/4/4 7/7/7 12/12/12
f 13/13/13 16/16/16 21/21/21
f 22/22/22 25/25/25 30/30/30
f 30/30/30 31/31/31 3/3/3
f 3/3/3 4/4/4 12/12/12
f 12/12/12 13/13/13 21/21/21
f 21/21/21 22/22/22 30/30/30
f 30/30/30 3/3/3 12/12/12
f 12/12/12 21/21/21 30/30/30

v -235.60769968744728 36.959312313420575 149.99695373650445
v -235.6075693257474 36.9593481774641 139.99695373741847
v -230.682777930411 33.532041697190394 139.9970056461294
v -230.68264756871113 33.53207756123392 129.9970056470434
v -235.60743896404753 36.959384041507626 129.99695373833248
v -235.60730860234764 36.95941990555115 119.9969537392465
v -230.68251720701124 33.53211342527745 119.99700564795742
v -230.68238684531138 33.53214928932098 109.99700564887144
v -235.60717824064776 36.959455769594676 109.99695374016052
v -235.6070478789479 36.9594916336382 99.99695374107453
v -227.3990622200539 31.247314166515363 99.99704025559272
v -227.3991404370738 31.24729264808925 105.99704025504431
v -219.19115477817982 25.53511518096641 105.9971267695625
v -219.1910765611599 25.535136699392524 99.99712677011091
v -210.9830909022659 19.82295923226969 99.9972132846291
v -210.98316911928583 19.822937713843576 105.99721328408069
v -202.77518346039184 14.110760246720737 105.99729979859887
v -202.7751052433719 14.110781765146854 99.99729979914727
v -194.56711958447792 8.398604298024015 99.99738631366546
v -194.5672499461778 8.398568433980493 109.99738631275144
v -199.4920413415142 11.825874914254197 109.99733440404053
v -199.49217170321407 11.825839050210668 119.99733440312652
v -194.56738030787767 8.398532569936968 119.99738631183743
v -194.56751066957756 8.39849670589344 129.99738631092342
v -199.49230206491396 11.825803186167143 129.99733440221252
v -199.49243242661382 11.825767322123617 139.9973344012985
v -194.56764103127745 8.398460841849914 139.9973863100094
v -194.5677713929773 8.398424977806393 149.9973863090954
v -202.7757570518713 14.110602444929228 149.9972997945772
v -202.7756788348514 14.11062396335534 143.9972997951256
v -210.98366449374538 19.822801430478176 143.9972132806074
v -210.9837427107653 19.822779912052063 149.99721328005901
v -219.1917283696593 25.5349573791749 149.99712676554083
v -219.19165015263937 25.534978897601015 143.99712676608925
v -227.39963581153336 31.24715636472385 143.99704025157106
v -227.3997140285533 31.247134846297737 149.99704025102264

vn 0 0 -1
vn 0 0 -1
vn 0 0 -1
vn 0 0 -1
vn 0 0 -1
vn 0 0 -1
vn 0 0 -1
vn 0 0 -1
vn 0 0 -1
vn 0 0 -1
vn 0 0 -1
vn 0 0 -1
vn 0 0 -1
vn 0 0 -1
vn 0 0 -1
vn 0 0 -1
vn 0 0 -1
vn 0 0 -1
vn 0 0 -1
vn 0 0 -1
vn 0 0 -1
vn 0 0 -1
vn 0 0 -1
vn 0 0 -1
vn 0 0 -1
vn 0 0 -1
vn 0 0 -1
vn 0 0 -1
vn 0 0 -1
vn 0 0 -1
vn 0 0 -1
vn 0 0 -1
vn 0 0 -1
vn 0 0 -1
vn 0 0 -1
vn 0 0 -1

vt -25 -25 0.0
vt -15 -25 0.0
vt -15 -19 0.0
vt -5 -19 0.0
vt -5 -25 0.0
vt 5 -25 0.0
vt 5 -19 0.0
vt 15 -19 0.0
vt 15 -25 0.0
vt 25 -25 0.0
vt 25 -15 0.0
vt 19 -15 0.0
vt 19 -5 0.0
vt 25 -5 0.0
vt 25 5 0.0
vt 19 5 0.0
vt 19 15 0.0
vt 25 15 0.0
vt 25 25 0.0
vt 15 25 0.0
vt 15 19 0.0
vt 5 19 0.0
vt 5 25 0.0
vt -5 25 0.0
vt -5 19 0.0
vt -15 19 0.0
vt -15 25 0.0
vt -25 25 0.0
vt -25 15 0.0
vt -19 15 0.0
vt -19 5 0.0
vt -25 5 0.0
vt -25 -5 0.0
vt -19 -5 0.0
vt -19 -15 0.0
vt -25 -15 0.0

o 0-plate-backSurface
usemtl backSurface
f 37/37/37 72/72/72 71/71/71
f 39/39/39 38/38/38 37/37/37
f 42/42/42 41/41/41 40/40/40
f 46/46/46 45/45/45 44/44/44
f 48/48/48 47/47/47 46/46/46
f 51/51/51 50/50/50 49/49/49
f 55/55/55 54/54/54 53/53/53
f 57/57/57 56/56/56 55/55/55
f 60/60/60 59/59/59 58/58/58
f 64/64/64 63/63/63 62/62/62
f 66/66/66 65/65/65 64/64/64
f 69/69/69 68/68/68 67/67/67
f 39/39/39 37/37/37 71/71/71
f 43/43/43 42/42/42 40/40/40
f 48/48/48 46/46/46 44/44/44
f 52/52/52 51/51/51 49/49/49
f 57/57/57 55/55/55 53/53/53
f 61/61/61 60/60/60 58/58/58
f 66/66/66 64/64/64 62/62/62
f 70/70/70 69/69/69 67/67/67
f 39/39/39 71/71/71 70/70/70
f 48/48/48 44/44/44 43/43/43
f 57/57/57 53/53/53 52/52/52
f 66/66/66 62/62/62 61/61/61
f 39/39/39 70/70/70 67/67/67
f 48/48/48 43/43/43 40/40/40
f 57/57/57 52/52/52 49/49/49
f 66/66/66 61/61/61 58/58/58
f 39/39/39 67/67/67 66/66/66
f 48/48/48 40/40/40 39/39/39
f 57/57/57 49/49/49 48/48/48
f 66/66/66 58/58/58 57/57/57
f 48/48/48 39/39/39 66/66/66
f 66/66/66 57/57/57 48/48/48

v -239.03500616722155 32.03452091785762 149.9968913952613
v -239.03487580552166 32.034556781901145 139.9968913961753
v -234.11008441018527 28.607250301627445 139.99694330488623
v -234.1099540484854 28.607286165670974 129.99694330580024
v -239.0347454438218 32.03459264594468 129.9968913970893
v -239.03461508212192 32.034628509988195 119.99689139800334
v -234.10982368678552 28.607322029714496 119.99694330671424
v -234.10969332508563 28.607357893758024 109.99694330762826
v -239.03448472042203 32.03466437403173 109.99689139891736
v -239.03435435872217 32.034700238075246 99.99689139983137
v -230.82636869982818 26.32252277095241 99.99697791434956
v -230.82644691684808 26.322501252526298 105.99697791380115
v -222.6184612579541 20.610323785403462 105.99706442831933
v -222.61838304093416 20.610345303829575 99.99706442886773
v -214.41039738204017 14.898167836706737 99.99715094338592
v -214.4104755990601 14.898146318280624 105.99715094283752
v -206.20248994016612 9.185968851157785 105.9972374573557
v -206.20241172314618 9.185990369583902 99.9972374579041
v -197.9944260642522 3.473812902461063 99.9973239724223
v -197.99455642595208 3.4737770384175377 109.99732397150828
v -202.91934782128848 6.901083518691248 109.99727206279736
v -202.91947818298834 6.901047654647719 119.99727206188335
v -197.99468678765194 3.4737411743740125 119.99732397059427
v -197.99481714935183 3.4737053103304874 129.99732396968025
v -202.91960854468823 6.901011790604194 129.99727206096932
v -202.9197389063881 6.900975926560665 139.9972720600553
v -197.99494751105172 3.4736694462869693 139.99732396876624
v -197.99507787275158 3.473633582243437 149.99732396785222
v -206.20306353164557 9.185811049366272 149.99723745333404
v -206.20298531462566 9.185832567792392 143.99723745388243
v -214.41097097351965 14.898010034915227 143.99715093936425
v -214.4110491905396 14.89798851648911 149.99715093881585
v -222.61903484943358 20.61016598361195 149.99706442429766
v -222.61895663241364 20.610187502038066 143.99706442484606
v -230.82694229130763 26.3223649691609 143.99697791032787
v -230.82702050832756 26.322343450734785 149.99697790977947
v -235.60769968744728 36.959312313420575 149.99695373650445
v -235.6075693257474 36.9593481774641 139.99695373741847
v -230.682777930411 33.532041697190394 139.9970056461294
v -230.68264756871113 33.53207756123392 129.9970056470434
v -235.60743896404753 36.959384041507626 129.99695373833248
v -235.60730860234764 36.95941990555115 119.9969537392465
v -230.68251720701124 33.53211342527745 119.99700564795742
v -230.68238684531138 33.53214928932098 109.99700564887144
v -235.60717824064776 36.959455769594676 109.99695374016052
v -235.6070478789479 36.9594916336382 99.99695374107453
v -227.3990622200539 31.247314166515363 99.99704025559272
v -227.3991404370738 31.24729264808925 105.99704025504431
v -219.19115477817982 25.53511518096641 105.9971267695625
v -219.1910765611599 25.535136699392524 99.99712677011091
v -210.9830909022659 19.82295923226969 99.9972132846291
v -210.98316911928583 19.822937713843576 105.99721328408069
v -202.77518346039184 14.110760246720737 105.99729979859887
v -202.7751052433719 14.110781765146854 99.99729979914727
v -194.56711958447792 8.398604298024015 99.99738631366546
v -194.5672499461778 8.398568433980493 109.99738631275144
v -199.4920413415142 11.825874914254197 109.99733440404053
v -199.49217170321407 11.825839050210668 119.99733440312652
v -194.56738030787767 8.398532569936968 119.99738631183743
v -194.56751066957756 8.39849670589344 129.99738631092342
v -199.49230206491396 11.825803186167143 129.99733440221252
v -199.49243242661382 11.825767322123617 139.9973344012985
v -194.56764103127745 8.398460841849914 139.9973863100094
v -194.5677713929773 8.398424977806393 149.9973863090954
v -202.7757570518713 14.110602444929228 149.9972997945772
v -202.7756788348514 14.11062396335534 143.9972997951256
v -210.98366449374538 19.822801430478176 143.9972132806074
v -210.9837427107653 19.822779912052063 149.99721328005901
v -219.1917283696593 25.5349573791749 149.99712676554083
v -219.19165015263937 25.534978897601015 143.99712676608925
v -227.39963581153336 31.24715636472385 143.99704025157106
v -227.3997140285533 31.247134846297737 149.99704025102264

vn -0.4472135901451111 -0.8944271802902222 0
vn 0.7682212591171265 -0.6401844024658203 0
vn 0.2873478829860687 -0.9578262567520142 0
vn -0.7682212591171265 -0.6401844024658203 0
vn -0.2873478829860687 -0.9578262567520142 0
vn 0.7682212591171265 -0.6401844024658203 0
vn 0.2873478829860687 -0.9578262567520142 0
vn -0.7682212591171265 -0.6401844024658203 0
vn -0.2873478829860687 -0.9578262567520142 0
vn 0.8944271802902222 -0.4472135901451111 0
vn 0.6401844024658203 0.7682212591171265 0
vn 0.9578262567520142 0.2873478829860687 0
vn 0.6401844024658203 -0.7682212591171265 0
vn 0.9578262567520142 -0.2873478829860687 0
vn 0.6401844024658203 0.7682212591171265 0
vn 0.9578262567520142 0.2873478829860687 0
vn 0.6401844024658203 -0.7682212591171265 0
vn 0.9578262567520142 -0.2873478829860687 0
vn 0.4472135901451111 0.8944271802902222 0
vn -0.7682212591171265 0.6401844024658203 0
vn -0.2873478829860687 0.9578262567520142 0
vn 0.7682212591171265 0.6401844024658203 0
vn 0.2873478829860687 0.9578262567520142 0
vn -0.7682212591171265 0.6401844024658203 0
vn -0.2873478829860687 0.9578262567520142 0
vn 0.7682212591171265 0.6401844024658203 0
vn 0.2873478829860687 0.9578262567520142 0
vn -0.8944271802902222 0.4472135901451111 0
vn -0.6401844024658203 -0.7682212591171265 0
vn -0.9578262567520142 -0.2873478829860687 0
vn -0.6401844024658203 0.7682212591171265 0
vn -0.9578262567520142 0.2873478829860687 0
vn -0.6401844024658203 -0.7682212591171265 0
vn -0.9578262567520142 -0.2873478829860687 0
vn -0.6401844024658203 0.7682212591171265 0
vn -0.9578262567520142 0.2873478829860687 0
vn -0.8944271802902222 -0.4472135901451111 0
vn 0.2873478829860687 -0.9578262567520142 0
vn 0.7682212591171265 -0.6401844024658203 0
vn -0.2873478829860687 -0.9578262567520142 0
vn -0.7682212591171265 -0.6401844024658203 0
vn 0.2873478829860687 -0.9578262567520142 0
vn 0.7682212591171265 -0.6401844024658203 0
vn -0.2873478829860687 -0.9578262567520142 0
vn -0.7682212591171265 -0.6401844024658203 0
vn 0.4472135901451111 -0.8944271802902222 0
vn 0.9578262567520142 0.2873478829860687 0
vn 0.6401844024658203 0.7682212591171265 0
vn 0.9578262567520142 -0.2873478829860687 0
vn 0.6401844024658203 -0.7682212591171265 0
vn 0.9578262567520142 0.2873478829860687 0
vn 0.6401844024658203 0.7682212591171265 0
vn 0.9578262567520142 -0.2873478829860687 0
vn 0.6401844024658203 -0.7682212591171265 0
vn 0.8944271802902222 0.4472135901451111 0
vn -0.2873478829860687 0.9578262567520142 0
vn -0.7682212591171265 0.6401844024658203 0
vn 0.2873478829860687 0.9578262567520142 0
vn 0.7682212591171265 0.6401844024658203 0
vn -0.2873478829860687 0.9578262567520142 0
vn -0.7682212591171265 0.6401844024658203 0
vn 0.2873478829860687 0.9578262567520142 0
vn 0.7682212591171265 0.6401844024658203 0
vn -0.4472135901451111 0.8944271802902222 0
vn -0.9578262567520142 -0.2873478829860687 0
vn -0.6401844024658203 -0.7682212591171265 0
vn -0.9578262567520142 0.2873478829860687 0
vn -0.6401844024658203 0.7682212591171265 0
vn -0.9578262567520142 -0.2873478829860687 0
vn -0.6401844024658203 -0.7682212591171265 0
vn -0.9578262567520142 0.2873478829860687 0
vn -0.6401844024658203 0.7682212591171265 0

vt 0 0 0.0
vt 10 0 0.0
vt 16 0 0.0
vt 26 0 0.0
vt 32 0 0.0
vt 42 0 0.0
vt 48 0 0.0
vt 58 0 0.0
vt 64 0 0.0
vt 74 0 0.0
vt 84 0 0.0
vt 90 0 0.0
vt 100 0 0.0
vt 106 0 0.0
vt 116 0 0.0
vt 122 0 0.0
vt 132 0 0.0
vt 138 0 0.0
vt 148 0 0.0
vt 158 0 0.0
vt 164 0 0.0
vt 174 0 0.0
vt 180 0 0.0
vt 190 0 0.0
vt 196 0 0.0
vt 206 0 0.0
vt 212 0 0.0
vt 222 0 0.0
vt 232 0 0.0
vt 238 0 0.0
vt 248 0 0.0
vt 254 0 0.0
vt 264 0 0.0
vt 270 0 0.0
vt 280 0 0.0
vt 286 0 0.0
vt 0 1 0.0
vt 10 1 0.0
vt 16 1 0.0
vt 26 1 0.0
vt 32 1 0.0
vt 42 1 0.0
vt 48 1 0.0
vt 58 1 0.0
vt 64 1 0.0
vt 74 1 0.0
vt 84 1 0.0
vt 90 1 0.0
vt 100 1 0.0
vt 106 1 0.0
vt 116 1 0.0
vt 122 1 0.0
vt 132 1 0.0
vt 138 1 0.0
vt 148 1 0.0
vt 158 1 0.0
vt 164 1 0.0
vt 174 1 0.0
vt 180 1 0.0
vt 190 1 0.0
vt 196 1 0.0
vt 206 1 0.0
vt 212 1 0.0
vt 222 1 0.0
vt 232 1 0.0
vt 238 1 0.0
vt 248 1 0.0
vt 254 1 0.0
vt 264 1 0.0
vt 270 1 0.0
vt 280 1 0.0
vt 286 1 0.0

o 0-plate-outlineSide
usemtl burnededges
f 73/73/73 109/109/109 110/110/110
f 73/73/73 110/110/110 74/74/74
f 74/74/74 110/110/110 111/111/111
f 74/74/74 111/111/111 75/75/75
f 75/75/75 111/111/111 112/112/112
f 75/75/75 112/112/112 76/76/76
f 76/76/76 112/112/112 113/113/113
f 76/76/76 113/113/113 77/77/77
f 77/77/77 113/113/113 114/114/114
f 77/77/77 114/114/114 78/78/78
f 78/78/78 114/114/114 115/115/115
f 78/78/78 115/115/115 79/79/79
f 79/79/79 115/115/115 116/116/116
f 79/79/79 116/116/116 80/80/80
f 80/80/80 116/116/116 117/117/117
f 80/80/80 117/117/117 81/81/81
f 81/81/81 117/117/117 118/118/118
f 81/81/81 118/118/118 82/82/82
f 82/82/82 118/118/118 119/119/119
f 82/82/82 119/119/119 83/83/83
f 83/83/83 119/119/119 120/120/120
f 83/83/83 120/120/120 84/84/84
f 84/84/84 120/120/120 121/121/121
f 84/84/84 121/121/121 85/85/85
f 85/85/85 121/121/121 122/122/122
f 85/85/85 122/122/122 86/86/86
f 86/86/86 122/122/122 123/123/123
f 86/86/86 123/123/123 87/87/87
f 87/87/87 123/123/123 124/124/124
f 87/87/87 124/124/124 88/88/88
f 88/88/88 124/124/124 125/125/125
f 88/88/88 125/125/125 89/89/89
f 89/89/89 125/125/125 126/126/126
f 89/89/89 126/126/126 90/90/90
f 90/90/90 126/126/126 127/127/127
f 90/90/90 127/127/127 91/91/91
f 91/91/91 127/127/127 128/128/128
f 91/91/91 128/128/128 92/92/92
f 92/92/92 128/128/128 129/129/129
f 92/92/92 129/129/129 93/93/93
f 93/93/93 129/129/129 130/130/130
f 93/93/93 130/130/130 94/94/94
f 94/94/94 130/130/130 131/131/131
f 94/94/94 131/131/131 95/95/95
f 95/95/95 131/131/131 132/132/132
f 95/95/95 132/132/132 96/96/96
f 96/96/96 132/132/132 133/133/133
f 96/96/96 133/133/133 97/97/97
f 97/97/97 133/133/133 134/134/134
f 97/97/97 134/134/134 98/98/98
f 98/98/98 134/134/134 135/135/135
f 98/98/98 135/135/135 99/99/99
f 99/99/99 135/135/135 136/136/136
f 99/99/99 136/136/136 100/100/100
f 100/100/100 136/136/136 137/137/137
f 100/100/100 137/137/137 101/101/101
f 101/101/101 137/137/137 138/138/138
f 101/101/101 138/138/138 102/102/102
f 102/102/102 138/138/138 139/139/139
f 102/102/102 139/139/139 103/103/103
f 103/103/103 139/139/139 140/140/140
f 103/103/103 140/140/140 104/104/104
f 104/104/104 140/140/140 141/141/141
f 104/104/104 141/141/141 105/105/105
f 105/105/105 141/141/141 142/142/142
f 105/105/105 142/142/142 106/106/106
f 106/106/106 142/142/142 143/143/143
f 106/106/106 143/143/143 107/107/107
f 107/107/107 143/143/143 144/144/144
f 107/107/107 144/144/144 108/108/108
f 108/108/108 144/144/144 109/109/109
f 108/108/108 109/109/109 73/73/73




o 0-plate-holeSide
usemtl burnededges

v -152.14432411887577 79.86172408680653 149.99819564465255
v -147.21953272353937 76.43441760653283 149.99824755336346
v -140.87330320984702 85.55349017495926 149.99836298857173
v -149.081288868741 91.2656676420821 149.99827647405354
v -152.50859534851529 86.34087624651914 149.99821413281038
v -160.71658100740927 92.05305371364199 149.9981276182922
v -157.28927452763503 96.97784510920494 149.99818995953535
v -165.497260186529 102.69002257632776 149.9981034450172
v -168.9245666663033 97.76523118076483 149.998041103774
v -177.13255232519725 103.47740864788764 149.9979545892558
v -173.70524584542298 108.40220004345059 149.99801693049898
v -181.91323150431697 114.11437751057343 149.99793041598082
v -189.05345333718003 103.85439543648395 149.99780053839086
v -184.12866194184366 100.42708895621027 149.99785244710176
v -191.26888377470672 90.16710688212078 149.99772256951184
v -196.19367517004312 93.59441336239448 149.99767066080094
v -203.33389700290618 83.33443128830501 149.99754078321098
v -198.4091056075698 79.90712480803131 149.9975926919219
v -205.54932744043288 69.64714273394183 149.99746281433195
v -210.47411883576927 73.07444921421555 149.99741090562105
v -217.61434066863234 62.81446714012606 149.9972810280311
v -212.68954927329594 59.387160659852356 149.99733293674203
v -219.82977110615903 49.127178585762884 149.99720305915207
v -224.7545625014954 52.55448506603659 149.99715115044117
v -231.8947843343585 42.29450299194711 149.9970212728512
v -226.9699929390221 38.86719651167341 149.99707318156214
v -230.68290829211088 33.53200583314688 149.99700564521535
v -227.3997140285533 31.247134846297744 149.99704025102264
v -230.82702050832756 26.3223434507348 149.99697790977947
v -222.61903484943358 20.610165983611964 149.99706442429766
v -219.1917283696593 25.534957379174912 149.99712676554083
v -210.9837427107653 19.822779912052077 149.99721328005901
v -214.4110491905396 14.897988516489129 149.99715093881585
v -206.2030635316456 9.185811049366293 149.99723745333404
v -202.77575705187132 14.110602444929242 149.9972997945772
v -194.56777139297733 8.398424977806403 149.9973863090954
v -191.64884835905926 12.592706150669866 149.9974394030605
v -196.57363975439566 16.020012630943565 149.9973874943496
v -190.2274113302147 25.13908363382096 149.99750292953803
v -185.30261993487832 21.71177715354726 149.99755483824896
v -178.95639042118597 30.830849721973667 149.99767027345723
v -183.88118181652237 34.25815620224737 149.99761836474633
v -177.53495257520785 43.37722837928653 149.99773379994966
v -172.61016117987148 39.94992189901283 149.99778570866056
v -166.25821990272718 49.07720185818988 149.9979012477634
v -171.18301129806355 52.50450833846359 149.99784933905246
v -164.83678205674906 61.62358051550275 149.9979647742558
v -159.9119906614127 58.19627403522904 149.99801668296672
v -153.56576114772034 67.31534660365546 149.998132118175
v -158.4905525430567 70.74265308392916 149.9980802094641

vn 0 0 1
vn 0 0 1
vn 0 0 1
vn 0 0 1
vn 0 0 1
vn 0 0 1
vn 0 0 1
vn 0 0 1
vn 0 0 1
vn 0 0 1
vn 0 0 1
vn 0 0 1
vn 0 0 1
vn 0 0 1
vn 0 0 1
vn 0 0 1
vn 0 0 1
vn 0 0 1
vn 0 0 1
vn 0 0 1
vn 0 0 1
vn 0 0 1
vn 0 0 1
vn 0 0 1
vn 0 0 1
vn 0 0 1
vn 0 0 1
vn 0 0 1
vn 0 0 1
vn 0 0 1
vn 0 0 1
vn 0 0 1
vn 0 0 1
vn 0 0 1
vn 0 0 1
vn 0 0 1
vn 0 0 1
vn 0 0 1
vn 0 0 1
vn 0 0 1
vn 0 0 1
vn 0 0 1
vn 0 0 1
vn 0 0 1
vn 0 0 1
vn 0 0 1
vn 0 0 1
vn 0 0 1
vn 0 0 1
vn 0 0 1

vt -19 -63.88999938964844 0.0
vt -25 -63.88999938964844 0.0
vt -25 -75 0.0
vt -15 -75 0.0
vt -15 -69 0.0
vt -5 -69 0.0
vt -5 -75 0.0
vt 5 -75 0.0
vt 5 -69 0.0
vt 15 -69 0.0
vt 15 -75 0.0
vt 25 -75 0.0
vt 25 -62.5 0.0
vt 19 -62.5 0.0
vt 19 -50 0.0
vt 25 -50 0.0
vt 25 -37.5 0.0
vt 19 -37.5 0.0
vt 19 -25 0.0
vt 25 -25 0.0
vt 25 -12.5 0.0
vt 19 -12.5 0.0
vt 19 0 0.0
vt 25 0 0.0
vt 25 12.5 0.0
vt 19 12.5 0.0
vt 19 19 0.0
vt 15 19 0.0
vt 15 25 0.0
vt 5 25 0.0
vt 5 19 0.0
vt -5 19 0.0
vt -5 25 0.0
vt -15 25 0.0
vt -15 19 0.0
vt -25 19 0.0
vt -25 13.890000343322754 0.0
vt -19 13.890000343322754 0.0
vt -19 2.7799999713897705 0.0
vt -25 2.7799999713897705 0.0
vt -25 -8.329999923706055 0.0
vt -19 -8.329999923706055 0.0
vt -19 -19.440000534057617 0.0
vt -25 -19.440000534057617 0.0
vt -25 -30.559999465942383 0.0
vt -19 -30.559999465942383 0.0
vt -19 -41.66999816894531 0.0
vt -25 -41.66999816894531 0.0
vt -25 -52.779998779296875 0.0
vt -19 -52.779998779296875 0.0

o 1-plate-frontSurface
usemtl frontSurface
f 145/145/145 146/146/146 147/147/147
f 147/147/147 148/148/148 149/149/149
f 150/150/150 151/151/151 152/152/152
f 154/154/154 155/155/155 156/156/156
f 156/156/156 157/157/157 158/158/158
f 159/159/159 160/160/160 161/161/161
f 163/163/163 164/164/164 165/165/165
f 167/167/167 168/168/168 169/169/169
f 170/170/170 171/171/171 172/172/172
f 172/172/172 173/173/173 174/174/174
f 176/176/176 177/177/177 178/178/178
f 179/179/179 180/180/180 181/181/181
f 183/183/183 184/184/184 185/185/185
f 187/187/187 188/188/188 189/189/189
f 191/191/191 192/192/192 193/193/193
f 145/145/145 147/147/147 149/149/149
f 150/150/150 152/152/152 153/153/153
f 154/154/154 156/156/156 158/158/158
f 159/159/159 161/161/161 162/162/162
f 163/163/163 165/165/165 166/166/166
f 167/167/167 169/169/169 170/170/170
f 170/170/170 172/172/172 174/174/174
f 176/176/176 178/178/178 179/179/179
f 179/179/179 181/181/181 182/182/182
f 183/183/183 185/185/185 186/186/186
f 187/187/187 189/189/189 190/190/190
f 191/191/191 193/193/193 194/194/194
f 194/194/194 145/145/145 149/149/149
f 153/153/153 154/154/154 158/158/158
f 167/167/167 170/170/170 174/174/174
f 176/176/176 179/179/179 182/182/182
f 191/191/191 194/194/194 149/149/149
f 150/150/150 153/153/153 158/158/158
f 166/166/166 167/167/167 174/174/174
f 175/175/175 176/176/176 182/182/182
f 190/190/190 191/191/191 149/149/149
f 149/149/149 150/150/150 158/158/158
f 163/163/163 166/166/166 174/174/174
f 175/175/175 182/182/182 183/183/183
f 187/187/187 190/190/190 149/149/149
f 149/149/149 158/158/158 159/159/159
f 162/162/162 163/163/163 174/174/174
f 175/175/175 183/183/183 186/186/186
f 186/186/186 187/187/187 149/149/149
f 149/149/149 159/159/159 162/162/162
f 162/162/162 174/174/174 175/175/175
f 175/175/175 186/186/186 149/149/149
f 149/149/149 162/162/162 175/175/175

v -152.14424590185584 79.86174560523264 143.99819564520095
v -147.21945450651944 76.43443912495894 143.99824755391188
v -140.8732249928271 85.55351169338537 143.99836298912015
v -149.08121065172108 91.2656891605082 143.99827647460197
v -152.50851713149535 86.34089776494525 143.9982141333588
v -160.71650279038937 92.0530752320681 143.9981276188406
v -157.28919631061507 96.97786662763104 143.99818996008378
v -165.49718196950909 102.69004409475389 143.9981034455656
v -168.92448844928333 97.76525269919094 143.99804110432243
v -177.13247410817735 103.47743016631377 143.99795458980424
v -173.70516762840307 108.40222156187671 143.9980169310474
v -181.91315328729706 114.11439902899956 143.99793041652921
v -189.05337512016013 103.85441695491008 143.9978005389393
v -184.12858372482373 100.42711047463638 143.9978524476502
v -191.2688055576868 90.16712840054689 143.99772257006026
v -196.1935969530232 93.59443488082059 143.99767066134933
v -203.33381878588625 83.33445280673112 143.9975407837594
v -198.40902739054988 79.90714632645742 143.9975926924703
v -205.54924922341294 69.64716425236794 143.99746281488038
v -210.47404061874934 73.07447073264166 143.99741090616945
v -217.6142624516124 62.81448865855218 143.99728102857952
v -212.689471056276 59.38718217827847 143.99733293729042
v -219.8296928891391 49.127200104189 143.9972030597005
v -224.7544842844755 52.5545065844627 143.99715115098957
v -231.89470611733856 42.29452451037322 143.99702127339964
v -226.96991472200216 38.86721803009952 143.99707318211054
v -230.68283007509095 33.532027351573 143.99700564576378
v -227.39963581153336 31.247156364723857 143.99704025157104
v -230.82694229130763 26.32236496916091 143.99697791032787
v -222.61895663241364 20.610187502038077 143.99706442484606
v -219.19165015263937 25.53497889760102 143.99712676608922
v -210.98366449374538 19.82280143047819 143.9972132806074
v -214.41097097351965 14.898010034915242 143.99715093936425
v -206.20298531462566 9.185832567792406 143.99723745388243
v -202.7756788348514 14.110623963355355 143.9972997951256
v -194.5676931759574 8.398446496232516 143.9973863096438
v -191.64877014203933 12.592727669095979 143.9974394036089
v -196.57356153737572 16.02003414936968 143.997387494898
v -190.2273331131948 25.139105152247073 143.99750293008645
v -185.3025417178584 21.711798671973373 143.99755483879736
v -178.95631220416604 30.83087124039978 143.99767027400566
v -183.88110359950244 34.25817772067349 143.99761836529473
v -177.53487435818795 43.377249897712645 143.99773380049805
v -172.61008296285155 39.94994341743894 143.99778570920898
v -166.25814168570724 49.077223376616 143.9979012483118
v -171.18293308104364 52.504529856889704 143.9978493396009
v -164.83670383972913 61.62360203392886 143.99796477480422
v -159.91191244439273 58.196295553655155 143.99801668351512
v -153.5656829307004 67.31536812208157 143.9981321187234
v -158.4904743260368 70.74267460235527 143.9980802100125

vn 0 0 -1
vn 0 0 -1
vn 0 0 -1
vn 0 0 -1
vn 0 0 -1
vn 0 0 -1
vn 0 0 -1
vn 0 0 -1
vn 0 0 -1
vn 0 0 -1
vn 0 0 -1
vn 0 0 -1
vn 0 0 -1
vn 0 0 -1
vn 0 0 -1
vn 0 0 -1
vn 0 0 -1
vn 0 0 -1
vn 0 0 -1
vn 0 0 -1
vn 0 0 -1
vn 0 0 -1
vn 0 0 -1
vn 0 0 -1
vn 0 0 -1
vn 0 0 -1
vn 0 0 -1
vn 0 0 -1
vn 0 0 -1
vn 0 0 -1
vn 0 0 -1
vn 0 0 -1
vn 0 0 -1
vn 0 0 -1
vn 0 0 -1
vn 0 0 -1
vn 0 0 -1
vn 0 0 -1
vn 0 0 -1
vn 0 0 -1
vn 0 0 -1
vn 0 0 -1
vn 0 0 -1
vn 0 0 -1
vn 0 0 -1
vn 0 0 -1
vn 0 0 -1
vn 0 0 -1
vn 0 0 -1
vn 0 0 -1

vt -19 -63.88999938964844 0.0
vt -25 -63.88999938964844 0.0
vt -25 -75 0.0
vt -15 -75 0.0
vt -15 -69 0.0
vt -5 -69 0.0
vt -5 -75 0.0
vt 5 -75 0.0
vt 5 -69 0.0
vt 15 -69 0.0
vt 15 -75 0.0
vt 25 -75 0.0
vt 25 -62.5 0.0
vt 19 -62.5 0.0
vt 19 -50 0.0
vt 25 -50 0.0
vt 25 -37.5 0.0
vt 19 -37.5 0.0
vt 19 -25 0.0
vt 25 -25 0.0
vt 25 -12.5 0.0
vt 19 -12.5 0.0
vt 19 0 0.0
vt 25 0 0.0
vt 25 12.5 0.0
vt 19 12.5 0.0
vt 19 19 0.0
vt 15 19 0.0
vt 15 25 0.0
vt 5 25 0.0
vt 5 19 0.0
vt -5 19 0.0
vt -5 25 0.0
vt -15 25 0.0
vt -15 19 0.0
vt -25 19 0.0
vt -25 13.890000343322754 0.0
vt -19 13.890000343322754 0.0
vt -19 2.7799999713897705 0.0
vt -25 2.7799999713897705 0.0
vt -25 -8.329999923706055 0.0
vt -19 -8.329999923706055 0.0
vt -19 -19.440000534057617 0.0
vt -25 -19.440000534057617 0.0
vt -25 -30.559999465942383 0.0
vt -19 -30.559999465942383 0.0
vt -19 -41.66999816894531 0.0
vt -25 -41.66999816894531 0.0
vt -25 -52.779998779296875 0.0
vt -19 -52.779998779296875 0.0

o 1-plate-backSurface
usemtl backSurface
f 197/197/197 196/196/196 195/195/195
f 199/199/199 198/198/198 197/197/197
f 202/202/202 201/201/201 200/200/200
f 206/206/206 205/205/205 204/204/204
f 208/208/208 207/207/207 206/206/206
f 211/211/211 210/210/210 209/209/209
f 215/215/215 214/214/214 213/213/213
f 219/219/219 218/218/218 217/217/217
f 222/222/222 221/221/221 220/220/220
f 224/224/224 223/223/223 222/222/222
f 228/228/228 227/227/227 226/226/226
f 231/231/231 230/230/230 229/229/229
f 235/235/235 234/234/234 233/233/233
f 239/239/239 238/238/238 237/237/237
f 243/243/243 242/242/242 241/241/241
f 199/199/199 197/197/197 195/195/195
f 203/203/203 202/202/202 200/200/200
f 208/208/208 206/206/206 204/204/204
f 212/212/212 211/211/211 209/209/209
f 216/216/216 215/215/215 213/213/213
f 220/220/220 219/219/219 217/217/217
f 224/224/224 222/222/222 220/220/220
f 229/229/229 228/228/228 226/226/226
f 232/232/232 231/231/231 229/229/229
f 236/236/236 235/235/235 233/233/233
f 240/240/240 239/239/239 237/237/237
f 244/244/244 243/243/243 241/241/241
f 199/199/199 195/195/195 244/244/244
f 208/208/208 204/204/204 203/203/203
f 224/224/224 220/220/220 217/217/217
f 232/232/232 229/229/229 226/226/226
f 199/199/199 244/244/244 241/241/241
f 208/208/208 203/203/203 200/200/200
f 224/224/224 217/217/217 216/216/216
f 232/232/232 226/226/226 225/225/225
f 199/199/199 241/241/241 240/240/240
f 208/208/208 200/200/200 199/199/199
f 224/224/224 216/216/216 213/213/213
f 233/233/233 232/232/232 225/225/225
f 199/199/199 240/240/240 237/237/237
f 209/209/209 208/208/208 199/199/199
f 224/224/224 213/213/213 212/212/212
f 236/236/236 233/233/233 225/225/225
f 199/199/199 237/237/237 236/236/236
f 212/212/212 209/209/209 199/199/199
f 225/225/225 224/224/224 212/212/212
f 199/199/199 236/236/236 225/225/225
f 225/225/225 212/212/212 199/199/199

v -152.14432411887577 79.86172408680653 149.99819564465255
v -147.21953272353937 76.43441760653283 149.99824755336346
v -140.87330320984702 85.55349017495926 149.99836298857173
v -149.081288868741 91.2656676420821 149.99827647405354
v -152.50859534851529 86.34087624651914 149.99821413281038
v -160.71658100740927 92.05305371364199 149.9981276182922
v -157.28927452763503 96.97784510920494 149.99818995953535
v -165.497260186529 102.69002257632776 149.9981034450172
v -168.9245666663033 97.76523118076483 149.998041103774
v -177.13255232519725 103.47740864788764 149.9979545892558
v -173.70524584542298 108.40220004345059 149.99801693049898
v -181.91323150431697 114.11437751057343 149.99793041598082
v -189.05345333718003 103.85439543648395 149.99780053839086
v -184.12866194184366 100.42708895621027 149.99785244710176
v -191.26888377470672 90.16710688212078 149.99772256951184
v -196.19367517004312 93.59441336239448 149.99767066080094
v -203.33389700290618 83.33443128830501 149.99754078321098
v -198.4091056075698 79.90712480803131 149.9975926919219
v -205.54932744043288 69.64714273394183 149.99746281433195
v -210.47411883576927 73.07444921421555 149.99741090562105
v -217.61434066863234 62.81446714012606 149.9972810280311
v -212.68954927329594 59.387160659852356 149.99733293674203
v -219.82977110615903 49.127178585762884 149.99720305915207
v -224.7545625014954 52.55448506603659 149.99715115044117
v -231.8947843343585 42.29450299194711 149.9970212728512
v -226.9699929390221 38.86719651167341 149.99707318156214
v -230.68290829211088 33.53200583314688 149.99700564521535
v -227.3997140285533 31.247134846297744 149.99704025102264
v -230.82702050832756 26.3223434507348 149.99697790977947
v -222.61903484943358 20.610165983611964 149.99706442429766
v -219.1917283696593 25.534957379174912 149.99712676554083
v -210.9837427107653 19.822779912052077 149.99721328005901
v -214.4110491905396 14.897988516489129 149.99715093881585
v -206.2030635316456 9.185811049366293 149.99723745333404
v -202.77575705187132 14.110602444929242 149.9972997945772
v -194.56777139297733 8.398424977806403 149.9973863090954
v -191.64884835905926 12.592706150669866 149.9974394030605
v -196.57363975439566 16.020012630943565 149.9973874943496
v -190.2274113302147 25.13908363382096 149.99750292953803
v -185.30261993487832 21.71177715354726 149.99755483824896
v -178.95639042118597 30.830849721973667 149.99767027345723
v -183.88118181652237 34.25815620224737 149.99761836474633
v -177.53495257520785 43.37722837928653 149.99773379994966
v -172.61016117987148 39.94992189901283 149.99778570866056
v -166.25821990272718 49.07720185818988 149.9979012477634
v -171.18301129806355 52.50450833846359 149.99784933905246
v -164.83678205674906 61.62358051550275 149.9979647742558
v -159.9119906614127 58.19627403522904 149.99801668296672
v -153.56576114772034 67.31534660365546 149.998132118175
v -158.4905525430567 70.74265308392916 149.9980802094641
v -152.14424590185584 79.86174560523264 143.99819564520095
v -147.21945450651944 76.43443912495894 143.99824755391188
v -140.8732249928271 85.55351169338537 143.99836298912015
v -149.08121065172108 91.2656891605082 143.99827647460197
v -152.50851713149535 86.34089776494525 143.9982141333588
v -160.71650279038937 92.0530752320681 143.9981276188406
v -157.28919631061507 96.97786662763104 143.99818996008378
v -165.49718196950909 102.69004409475389 143.9981034455656
v -168.92448844928333 97.76525269919094 143.99804110432243
v -177.13247410817735 103.47743016631377 143.99795458980424
v -173.70516762840307 108.40222156187671 143.9980169310474
v -181.91315328729706 114.11439902899956 143.99793041652921
v -189.05337512016013 103.85441695491008 143.9978005389393
v -184.12858372482373 100.42711047463638 143.9978524476502
v -191.2688055576868 90.16712840054689 143.99772257006026
v -196.1935969530232 93.59443488082059 143.99767066134933
v -203.33381878588625 83.33445280673112 143.9975407837594
v -198.40902739054988 79.90714632645742 143.9975926924703
v -205.54924922341294 69.64716425236794 143.99746281488038
v -210.47404061874934 73.07447073264166 143.99741090616945
v -217.6142624516124 62.81448865855218 143.99728102857952
v -212.689471056276 59.38718217827847 143.99733293729042
v -219.8296928891391 49.127200104189 143.9972030597005
v -224.7544842844755 52.5545065844627 143.99715115098957
v -231.89470611733856 42.29452451037322 143.99702127339964
v -226.96991472200216 38.86721803009952 143.99707318211054
v -230.68283007509095 33.532027351573 143.99700564576378
v -227.39963581153336 31.247156364723857 143.99704025157104
v -230.82694229130763 26.32236496916091 143.99697791032787
v -222.61895663241364 20.610187502038077 143.99706442484606
v -219.19165015263937 25.53497889760102 143.99712676608922
v -210.98366449374538 19.82280143047819 143.9972132806074
v -214.41097097351965 14.898010034915242 143.99715093936425
v -206.20298531462566 9.185832567792406 143.99723745388243
v -202.7756788348514 14.110623963355355 143.9972997951256
v -194.5676931759574 8.398446496232516 143.9973863096438
v -191.64877014203933 12.592727669095979 143.9974394036089
v -196.57356153737572 16.02003414936968 143.997387494898
v -190.2273331131948 25.139105152247073 143.99750293008645
v -185.3025417178584 21.711798671973373 143.99755483879736
v -178.95631220416604 30.83087124039978 143.99767027400566
v -183.88110359950244 34.25817772067349 143.99761836529473
v -177.53487435818795 43.377249897712645 143.99773380049805
v -172.61008296285155 39.94994341743894 143.99778570920898
v -166.25814168570724 49.077223376616 143.9979012483118
v -171.18293308104364 52.504529856889704 143.9978493396009
v -164.83670383972913 61.62360203392886 143.99796477480422
v -159.91191244439273 58.196295553655155 143.99801668351512
v -153.5656829307004 67.31536812208157 143.9981321187234
v -158.4904743260368 70.74267460235527 143.9980802100125

vn -0.6793714761734009 0.7337945103645325 0
vn -0.965422511100769 0.2606901228427887 0
vn -0.4856058359146118 -0.874177873134613 0
vn 0.7682212591171265 -0.6401844024658203 0
vn 0.2873478829860687 -0.9578262567520142 0
vn -0.7682212591171265 -0.6401844024658203 0
vn -0.2873478829860687 -0.9578262567520142 0
vn 0.7682212591171265 -0.6401844024658203 0
vn 0.2873478829860687 -0.9578262567520142 0
vn -0.7682212591171265 -0.6401844024658203 0
vn -0.2873478829860687 -0.9578262567520142 0
vn 0.9284766912460327 -0.3713906705379486 0
vn 0.7213873267173767 0.6925318241119385 0
vn 0.9723873138427734 0.23337295651435852 0
vn 0.7213873267173767 -0.6925318241119385 0
vn 0.9723873138427734 -0.23337295651435852 0
vn 0.7213873267173767 0.6925318241119385 0
vn 0.9723873138427734 0.23337295651435852 0
vn 0.7213873267173767 -0.6925318241119385 0
vn 0.9723873138427734 -0.23337295651435852 0
vn 0.7213873267173767 0.6925318241119385 0
vn 0.9723873138427734 0.23337295651435852 0
vn 0.7213873267173767 -0.6925318241119385 0
vn 0.9723873138427734 -0.23337295651435852 0
vn 0.7213873267173767 0.6925318241119385 0
vn 0.9079594016075134 0.4190581738948822 0
vn 0.6305926442146301 0.7761139869689941 0
vn 0.9486833214759827 0.3162277638912201 0
vn 0.2873478829860687 0.9578262567520142 0
vn -0.7682212591171265 0.6401844024658203 0
vn -0.2873478829860687 0.9578262567520142 0
vn 0.7682212591171265 0.6401844024658203 0
vn 0.2873478829860687 0.9578262567520142 0
vn -0.7682212591171265 0.6401844024658203 0
vn -0.2873478829860687 0.9578262567520142 0
vn -0.714758038520813 0.6993718147277832 0
vn -0.3917899429798126 -0.9200546741485596 0
vn -0.965422511100769 -0.2606901228427887 0
vn -0.6793714761734009 0.7337945103645325 0
vn -0.965422511100769 0.2606901228427887 0
vn -0.6793714761734009 -0.7337945103645325 0
vn -0.965422511100769 -0.2606901228427887 0
vn -0.6793714761734009 0.7337945103645325 0
vn -0.9654815196990967 0.2604716122150421 0
vn -0.679700493812561 -0.7334897518157959 0
vn -0.965422511100769 -0.2606901228427887 0
vn -0.6793714761734009 0.7337945103645325 0
vn -0.965422511100769 0.2606901228427887 0
vn -0.6793714761734009 -0.7337945103645325 0
vn -0.965422511100769 -0.2606901228427887 0
vn -0.965422511100769 0.2606901228427887 0
vn -0.6793714761734009 0.7337945103645325 0
vn -0.9119061827659607 -0.41039878129959106 0
vn 0.2873478829860687 -0.9578262567520142 0
vn 0.7682212591171265 -0.6401844024658203 0
vn -0.2873478829860687 -0.9578262567520142 0
vn -0.7682212591171265 -0.6401844024658203 0
vn 0.2873478829860687 -0.9578262567520142 0
vn 0.7682212591171265 -0.6401844024658203 0
vn -0.2873478829860687 -0.9578262567520142 0
vn -0.7682212591171265 -0.6401844024658203 0
vn 0.5299989581108093 -0.847998321056366 0
vn 0.9723873138427734 0.23337295651435852 0
vn 0.7213873267173767 0.6925318241119385 0
vn 0.9723873138427734 -0.23337295651435852 0
vn 0.7213873267173767 -0.6925318241119385 0
vn 0.9723873138427734 0.23337295651435852 0
vn 0.7213873267173767 0.6925318241119385 0
vn 0.9723873138427734 -0.23337295651435852 0
vn 0.7213873267173767 -0.6925318241119385 0
vn 0.9723873138427734 0.23337295651435852 0
vn 0.7213873267173767 0.6925318241119385 0
vn 0.9723873138427734 -0.23337295651435852 0
vn 0.7213873267173767 -0.6925318241119385 0
vn 0.9723873138427734 0.23337295651435852 0
vn 0.47628316283226013 0.8792919516563416 0
vn 0.9557790160179138 0.29408586025238037 0
vn 0.6000000238418579 0.800000011920929 0
vn 0.7682212591171265 0.6401844024658203 0
vn -0.2873478829860687 0.9578262567520142 0
vn -0.7682212591171265 0.6401844024658203 0
vn 0.2873478829860687 0.9578262567520142 0
vn 0.7682212591171265 0.6401844024658203 0
vn -0.2873478829860687 0.9578262567520142 0
vn -0.7682212591171265 0.6401844024658203 0
vn -0.24754774570465088 0.9688757061958313 0
vn -0.8623677492141724 -0.5062824487686157 0
vn -0.6793714761734009 -0.7337945103645325 0
vn -0.965422511100769 0.2606901228427887 0
vn -0.6793714761734009 0.7337945103645325 0
vn -0.965422511100769 -0.2606901228427887 0
vn -0.6793714761734009 -0.7337945103645325 0
vn -0.965422511100769 0.2606901228427887 0
vn -0.679700493812561 0.7334897518157959 0
vn -0.9654815196990967 -0.2604716122150421 0
vn -0.6793714761734009 -0.7337945103645325 0
vn -0.965422511100769 0.2606901228427887 0
vn -0.6793714761734009 0.7337945103645325 0
vn -0.965422511100769 -0.2606901228427887 0
vn -0.6793714761734009 -0.7337945103645325 0

vt 0 0 0.0
vt 6 0 0.0
vt 17.110000610351562 0 0.0
vt 27.110000610351562 0 0.0
vt 33.11000061035156 0 0.0
vt 43.11000061035156 0 0.0
vt 49.11000061035156 0 0.0
vt 59.11000061035156 0 0.0
vt 65.11000061035156 0 0.0
vt 75.11000061035156 0 0.0
vt 81.11000061035156 0 0.0
vt 91.11000061035156 0 0.0
vt 103.61000061035156 0 0.0
vt 109.61000061035156 0 0.0
vt 122.11000061035156 0 0.0
vt 128.11000061035156 0 0.0
vt 140.61000061035156 0 0.0
vt 146.61000061035156 0 0.0
vt 159.11000061035156 0 0.0
vt 165.11000061035156 0 0.0
vt 177.61000061035156 0 0.0
vt 183.61000061035156 0 0.0
vt 196.11000061035156 0 0.0
vt 202.11000061035156 0 0.0
vt 214.61000061035156 0 0.0
vt 220.61000061035156 0 0.0
vt 227.11000061035156 0 0.0
vt 231.11000061035156 0 0.0
vt 237.11000061035156 0 0.0
vt 247.11000061035156 0 0.0
vt 253.11000061035156 0 0.0
vt 263.1099853515625 0 0.0
vt 269.1099853515625 0 0.0
vt 279.1099853515625 0 0.0
vt 285.1099853515625 0 0.0
vt 295.1099853515625 0 0.0
vt 300.2200012207031 0 0.0
vt 306.2200012207031 0 0.0
vt 317.3299865722656 0 0.0
vt 323.3299865722656 0 0.0
vt 334.44000244140625 0 0.0
vt 340.44000244140625 0 0.0
vt 351.54998779296875 0 0.0
vt 357.54998779296875 0 0.0
vt 368.6700134277344 0 0.0
vt 374.6700134277344 0 0.0
vt 385.7799987792969 0 0.0
vt 391.7799987792969 0 0.0
vt 402.8900146484375 0 0.0
vt 408.8900146484375 0 0.0
vt 0 1 0.0
vt 6 1 0.0
vt 17.110000610351562 1 0.0
vt 27.110000610351562 1 0.0
vt 33.11000061035156 1 0.0
vt 43.11000061035156 1 0.0
vt 49.11000061035156 1 0.0
vt 59.11000061035156 1 0.0
vt 65.11000061035156 1 0.0
vt 75.11000061035156 1 0.0
vt 81.11000061035156 1 0.0
vt 91.11000061035156 1 0.0
vt 103.61000061035156 1 0.0
vt 109.61000061035156 1 0.0
vt 122.11000061035156 1 0.0
vt 128.11000061035156 1 0.0
vt 140.61000061035156 1 0.0
vt 146.61000061035156 1 0.0
vt 159.11000061035156 1 0.0
vt 165.11000061035156 1 0.0
vt 177.61000061035156 1 0.0
vt 183.61000061035156 1 0.0
vt 196.11000061035156 1 0.0
vt 202.11000061035156 1 0.0
vt 214.61000061035156 1 0.0
vt 220.61000061035156 1 0.0
vt 227.11000061035156 1 0.0
vt 231.11000061035156 1 0.0
vt 237.11000061035156 1 0.0
vt 247.11000061035156 1 0.0
vt 253.11000061035156 1 0.0
vt 263.1099853515625 1 0.0
vt 269.1099853515625 1 0.0
vt 279.1099853515625 1 0.0
vt 285.1099853515625 1 0.0
vt 295.1099853515625 1 0.0
vt 300.2200012207031 1 0.0
vt 306.2200012207031 1 0.0
vt 317.3299865722656 1 0.0
vt 323.3299865722656 1 0.0
vt 334.44000244140625 1 0.0
vt 340.44000244140625 1 0.0
vt 351.54998779296875 1 0.0
vt 357.54998779296875 1 0.0
vt 368.6700134277344 1 0.0
vt 374.6700134277344 1 0.0
vt 385.7799987792969 1 0.0
vt 391.7799987792969 1 0.0
vt 402.8900146484375 1 0.0
vt 408.8900146484375 1 0.0

o 1-plate-outlineSide
usemtl burnededges
f 245/245/245 295/295/295 296/296/296
f 245/245/245 296/296/296 246/246/246
f 246/246/246 296/296/296 297/297/297
f 246/246/246 297/297/297 247/247/247
f 247/247/247 297/297/297 298/298/298
f 247/247/247 298/298/298 248/248/248
f 248/248/248 298/298/298 299/299/299
f 248/248/248 299/299/299 249/249/249
f 249/249/249 299/299/299 300/300/300
f 249/249/249 300/300/300 250/250/250
f 250/250/250 300/300/300 301/301/301
f 250/250/250 301/301/301 251/251/251
f 251/251/251 301/301/301 302/302/302
f 251/251/251 302/302/302 252/252/252
f 252/252/252 302/302/302 303/303/303
f 252/252/252 303/303/303 253/253/253
f 253/253/253 303/303/303 304/304/304
f 253/253/253 304/304/304 254/254/254
f 254/254/254 304/304/304 305/305/305
f 254/254/254 305/305/305 255/255/255
f 255/255/255 305/305/305 306/306/306
f 255/255/255 306/306/306 256/256/256
f 256/256/256 306/306/306 307/307/307
f 256/256/256 307/307/307 257/257/257
f 257/257/257 307/307/307 308/308/308
f 257/257/257 308/308/308 258/258/258
f 258/258/258 308/308/308 309/309/309
f 258/258/258 309/309/309 259/259/259
f 259/259/259 309/309/309 310/310/310
f 259/259/259 310/310/310 260/260/260
f 260/260/260 310/310/310 311/311/311
f 260/260/260 311/311/311 261/261/261
f 261/261/261 311/311/311 312/312/312
f 261/261/261 312/312/312 262/262/262
f 262/262/262 312/312/312 313/313/313
f 262/262/262 313/313/313 263/263/263
f 263/263/263 313/313/313 314/314/314
f 263/263/263 314/314/314 264/264/264
f 264/264/264 314/314/314 315/315/315
f 264/264/264 315/315/315 265/265/265
f 265/265/265 315/315/315 316/316/316
f 265/265/265 316/316/316 266/266/266
f 266/266/266 316/316/316 317/317/317
f 266/266/266 317/317/317 267/267/267
f 267/267/267 317/317/317 318/318/318
f 267/267/267 318/318/318 268/268/268
f 268/268/268 318/318/318 319/319/319
f 268/268/268 319/319/319 269/269/269
f 269/269/269 319/319/319 320/320/320
f 269/269/269 320/320/320 270/270/270
f 270/270/270 320/320/320 321/321/321
f 270/270/270 321/321/321 271/271/271
f 271/271/271 321/321/321 322/322/322
f 271/271/271 322/322/322 272/272/272
f 272/272/272 322/322/322 323/323/323
f 272/272/272 323/323/323 273/273/273
f 273/273/273 323/323/323 324/324/324
f 273/273/273 324/324/324 274/274/274
f 274/274/274 324/324/324 325/325/325
f 274/274/274 325/325/325 275/275/275
f 275/275/275 325/325/325 326/326/326
f 275/275/275 326/326/326 276/276/276
f 276/276/276 326/326/326 327/327/327
f 276/276/276 327/327/327 277/277/277
f 277/277/277 327/327/327 328/328/328
f 277/277/277 328/328/328 278/278/278
f 278/278/278 328/328/328 329/329/329
f 278/278/278 329/329/329 279/279/279
f 279/279/279 329/329/329 330/330/330
f 279/279/279 330/330/330 280/280/280
f 280/280/280 330/330/330 331/331/331
f 280/280/280 331/331/331 281/281/281
f 281/281/281 331/331/331 332/332/332
f 281/281/281 332/332/332 282/282/282
f 282/282/282 332/332/332 333/333/333
f 282/282/282 333/333/333 283/283/283
f 283/283/283 333/333/333 334/334/334
f 283/283/283 334/334/334 284/284/284
f 284/284/284 334/334/334 335/335/335
f 284/284/284 335/335/335 285/285/285
f 285/285/285 335/335/335 336/336/336
f 285/285/285 336/336/336 286/286/286
f 286/286/286 336/336/336 337/337/337
f 286/286/286 337/337/337 287/287/287
f 287/287/287 337/337/337 338/338/338
f 287/287/287 338/338/338 288/288/288
f 288/288/288 338/338/338 339/339/339
f 288/288/288 339/339/339 289/289/289
f 289/289/289 339/339/339 340/340/340
f 289/289/289 340/340/340 290/290/290
f 290/290/290 340/340/340 341/341/341
f 290/290/290 341/341/341 291/291/291
f 291/291/291 341/341/341 342/342/342
f 291/291/291 342/342/342 292/292/292
f 292/292/292 342/342/342 343/343/343
f 292/292/292 343/343/343 293/293/293
f 293/293/293 343/343/343 344/344/344
f 293/293/293 344/344/344 294/294/294
f 294/294/294 344/344/344 295/295/295
f 294/294/294 295/295/295 245/245/245




o 1-plate-holeSide
usemtl burnededges

v -176.26621432664314 56.578754428285464 99.99779768087751
v -179.6935208064174 51.653963032722515 99.99773533963433
v -174.35833012813632 47.94104767909268 99.99779157407116
v -180.07050759442677 39.73306201982109 99.9976876719992
v -175.14571619909037 36.30575553954739 99.99773958071012
v -180.85789366538083 28.09776988027581 99.99763567863816
v -185.78268506071723 31.525076360549512 99.99758376992725
v -191.49486252700768 23.317090701277927 99.99747986785529
v -186.57007113167128 19.889784221004227 99.9975317765662
v -192.28224859796174 11.681798561732645 99.99742787449425
v -197.20703999329814 15.109105042006348 99.99737596578333
v -199.49191097981432 11.825910778297715 99.99733440495456
v -202.7751052433719 14.110781765146847 99.99729979914729
v -206.20241172314618 9.185990369583898 99.99723745790412
v -214.41039738204017 14.898167836706733 99.99715094338593
v -210.9830909022659 19.82295923226968 99.9972132846291
v -219.1910765611599 25.535136699392517 99.99712677011091
v -222.61838304093416 20.61034530382957 99.99706442886774
v -230.82636869982815 26.322522770952403 99.99697791434956
v -227.39906222005388 31.247314166515352 99.99704025559274
v -235.60704787894787 36.95949163363819 99.99695374107455
v -231.89413252585908 42.29468231216472 99.99702127742131
v -226.96934113052268 38.86737583189101 99.99707318613223
v -219.82911929765962 49.12735790598049 99.99720306372217
v -224.75391069299602 52.55466438625419 99.99715115501125
v -217.61368886013295 62.81464646034367 99.9972810326012
v -212.68889746479655 59.38733998006997 99.99733294131211
v -202.12136915215922 74.5721134497224 99.99752516014522
v -196.78617847387812 70.85919809609254 99.99758139458204
v -200.2134849536524 65.93440670052959 99.99751905333886
v -189.9535028800349 58.794184866626054 99.9976271964866
v -186.52619640026063 63.718976262189 99.99768953772977

vn 0 0 1
vn 0 0 1
vn 0 0 1
vn 0 0 1
vn 0 0 1
vn 0 0 1
vn 0 0 1
vn 0 0 1
vn 0 0 1
vn 0 0 1
vn 0 0 1
vn 0 0 1
vn 0 0 1
vn 0 0 1
vn 0 0 1
vn 0 0 1
vn 0 0 1
vn 0 0 1
vn 0 0 1
vn 0 0 1
vn 0 0 1
vn 0 0 1
vn 0 0 1
vn 0 0 1
vn 0 0 1
vn 0 0 1
vn 0 0 1
vn 0 0 1
vn 0 0 1
vn 0 0 1
vn 0 0 1
vn 0 0 1

vt -31 -12.5 0.0
vt -25 -12.5 0.0
vt -25 -19 0.0
vt -15 -19 0.0
vt -15 -25 0.0
vt -5 -25 0.0
vt -5 -19 0.0
vt 5 -19 0.0
vt 5 -25 0.0
vt 15 -25 0.0
vt 15 -19 0.0
vt 19 -19 0.0
vt 19 -15 0.0
vt 25 -15 0.0
vt 25 -5 0.0
vt 19 -5 0.0
vt 19 5 0.0
vt 25 5 0.0
vt 25 15 0.0
vt 19 15 0.0
vt 19 25 0.0
vt 12.5 25 0.0
vt 12.5 19 0.0
vt 0 19 0.0
vt 0 25 0.0
vt -12.5 25 0.0
vt -12.5 19 0.0
vt -31 19 0.0
vt -31 12.5 0.0
vt -25 12.5 0.0
vt -25 -8.881784197001252e-16 0.0
vt -31 -8.881784197001252e-16 0.0

o 2-plate-frontSurface
usemtl frontSurface
f 375/375/375 376/376/376 345/345/345
f 346/346/346 347/347/347 348/348/348
f 348/348/348 349/349/349 350/350/350
f 352/352/352 353/353/353 354/354/354
f 355/355/355 356/356/356 357/357/357
f 357/357/357 358/358/358 359/359/359
f 361/361/361 362/362/362 363/363/363
f 364/364/364 365/365/365 366/366/366
f 368/368/368 369/369/369 370/370/370
f 371/371/371 372/372/372 373/373/373
f 375/375/375 345/345/345 346/346/346
f 346/346/346 348/348/348 350/350/350
f 352/352/352 354/354/354 355/355/355
f 355/355/355 357/357/357 359/359/359
f 361/361/361 363/363/363 364/364/364
f 364/364/364 366/366/366 367/367/367
f 368/368/368 370/370/370 371/371/371
f 371/371/371 373/373/373 374/374/374
f 375/375/375 346/346/346 350/350/350
f 352/352/352 355/355/355 359/359/359
f 361/361/361 364/364/364 367/367/367
f 368/368/368 371/371/371 374/374/374
f 374/374/374 375/375/375 350/350/350
f 351/351/351 352/352/352 359/359/359
f 360/360/360 361/361/361 367/367/367
f 367/367/367 368/368/368 374/374/374
f 374/374/374 350/350/350 351/351/351
f 351/351/351 359/359/359 360/360/360
f 360/360/360 367/367/367 374/374/374
f 374/374/374 351/351/351 360/360/360

v -176.26629254366307 56.578732909859355 105.99779768032909
v -179.69359902343734 51.653941514296406 105.99773533908592
v -174.35840834515625 47.94102616066656 105.99779157352273
v -180.0705858114467 39.73304050139498 105.99768767145079
v -175.1457944161103 36.30573402112128 105.99773958016169
v -180.85797188240076 28.097748361849696 105.99763567808975
v -185.78276327773716 31.525054842123396 105.99758376937883
v -191.49494074402762 23.317069182851817 105.99747986730688
v -186.57014934869122 19.889762702578114 105.9975317760178
v -192.28232681498167 11.681777043306532 105.99742787394584
v -197.20711821031807 15.109083523580235 105.99737596523494
v -199.49198919683425 11.825889259871602 105.99733440440615
v -202.77518346039184 14.110760246720734 105.99729979859887
v -206.20248994016612 9.185968851157785 105.99723745735571
v -214.4104755990601 14.89814631828062 105.99715094283752
v -210.98316911928583 19.82293771384357 105.99721328408069
v -219.19115477817982 25.535115180966404 105.9971267695625
v -222.6184612579541 20.610323785403455 105.99706442831933
v -230.82644691684808 26.322501252526287 105.99697791380115
v -227.3991404370738 31.247292648089235 105.99704025504431
v -235.6071260959678 36.95947011521207 105.99695374052612
v -231.894210742879 42.2946607937386 105.9970212768729
v -226.9694193475426 38.8673543134649 105.99707318558382
v -219.82919751467955 49.12733638755438 105.99720306317376
v -224.75398891001595 52.55464286782808 105.99715115446284
v -217.6137670771529 62.81462494191756 105.99728103205278
v -212.6889756818165 59.38731846164386 105.9973329407637
v -202.12144736917912 74.57209193129628 105.9975251595968
v -196.78625669089803 70.85917657766643 105.99758139403363
v -200.2135631706723 65.93438518210348 105.99751905279045
v -189.95358109705484 58.794163348199945 105.9976271959382
v -186.52627461728056 63.71895474376289 105.99768953718136

vn 0 0 -1
vn 0 0 -1
vn 0 0 -1
vn 0 0 -1
vn 0 0 -1
vn 0 0 -1
vn 0 0 -1
vn 0 0 -1
vn 0 0 -1
vn 0 0 -1
vn 0 0 -1
vn 0 0 -1
vn 0 0 -1
vn 0 0 -1
vn 0 0 -1
vn 0 0 -1
vn 0 0 -1
vn 0 0 -1
vn 0 0 -1
vn 0 0 -1
vn 0 0 -1
vn 0 0 -1
vn 0 0 -1
vn 0 0 -1
vn 0 0 -1
vn 0 0 -1
vn 0 0 -1
vn 0 0 -1
vn 0 0 -1
vn 0 0 -1
vn 0 0 -1
vn 0 0 -1

vt -31 -12.5 0.0
vt -25 -12.5 0.0
vt -25 -19 0.0
vt -15 -19 0.0
vt -15 -25 0.0
vt -5 -25 0.0
vt -5 -19 0.0
vt 5 -19 0.0
vt 5 -25 0.0
vt 15 -25 0.0
vt 15 -19 0.0
vt 19 -19 0.0
vt 19 -15 0.0
vt 25 -15 0.0
vt 25 -5 0.0
vt 19 -5 0.0
vt 19 5 0.0
vt 25 5 0.0
vt 25 15 0.0
vt 19 15 0.0
vt 19 25 0.0
vt 12.5 25 0.0
vt 12.5 19 0.0
vt 0 19 0.0
vt 0 25 0.0
vt -12.5 25 0.0
vt -12.5 19 0.0
vt -31 19 0.0
vt -31 12.5 0.0
vt -25 12.5 0.0
vt -25 -8.881784197001252e-16 0.0
vt -31 -8.881784197001252e-16 0.0

o 2-plate-backSurface
usemtl backSurface
f 377/377/377 408/408/408 407/407/407
f 380/380/380 379/379/379 378/378/378
f 382/382/382 381/381/381 380/380/380
f 386/386/386 385/385/385 384/384/384
f 389/389/389 388/388/388 387/387/387
f 391/391/391 390/390/390 389/389/389
f 395/395/395 394/394/394 393/393/393
f 398/398/398 397/397/397 396/396/396
f 402/402/402 401/401/401 400/400/400
f 405/405/405 404/404/404 403/403/403
f 378/378/378 377/377/377 407/407/407
f 382/382/382 380/380/380 378/378/378
f 387/387/387 386/386/386 384/384/384
f 391/391/391 389/389/389 387/387/387
f 396/396/396 395/395/395 393/393/393
f 399/399/399 398/398/398 396/396/396
f 403/403/403 402/402/402 400/400/400
f 406/406/406 405/405/405 403/403/403
f 382/382/382 378/378/378 407/407/407
f 391/391/391 387/387/387 384/384/384
f 399/399/399 396/396/396 393/393/393
f 406/406/406 403/403/403 400/400/400
f 382/382/382 407/407/407 406/406/406
f 391/391/391 384/384/384 383/383/383
f 399/399/399 393/393/393 392/392/392
f 406/406/406 400/400/400 399/399/399
f 383/383/383 382/382/382 406/406/406
f 392/392/392 391/391/391 383/383/383
f 406/406/406 399/399/399 392/392/392
f 392/392/392 383/383/383 406/406/406

v -176.26621432664314 56.578754428285464 99.99779768087751
v -179.6935208064174 51.653963032722515 99.99773533963433
v -174.35833012813632 47.94104767909268 99.99779157407116
v -180.07050759442677 39.73306201982109 99.9976876719992
v -175.14571619909037 36.30575553954739 99.99773958071012
v -180.85789366538083 28.09776988027581 99.99763567863816
v -185.78268506071723 31.525076360549512 99.99758376992725
v -191.49486252700768 23.317090701277927 99.99747986785529
v -186.57007113167128 19.889784221004227 99.9975317765662
v -192.28224859796174 11.681798561732645 99.99742787449425
v -197.20703999329814 15.109105042006348 99.99737596578333
v -199.49191097981432 11.825910778297715 99.99733440495456
v -202.7751052433719 14.110781765146847 99.99729979914729
v -206.20241172314618 9.185990369583898 99.99723745790412
v -214.41039738204017 14.898167836706733 99.99715094338593
v -210.9830909022659 19.82295923226968 99.9972132846291
v -219.1910765611599 25.535136699392517 99.99712677011091
v -222.61838304093416 20.61034530382957 99.99706442886774
v -230.82636869982815 26.322522770952403 99.99697791434956
v -227.39906222005388 31.247314166515352 99.99704025559274
v -235.60704787894787 36.95949163363819 99.99695374107455
v -231.89413252585908 42.29468231216472 99.99702127742131
v -226.96934113052268 38.86737583189101 99.99707318613223
v -219.82911929765962 49.12735790598049 99.99720306372217
v -224.75391069299602 52.55466438625419 99.99715115501125
v -217.61368886013295 62.81464646034367 99.9972810326012
v -212.68889746479655 59.38733998006997 99.99733294131211
v -202.12136915215922 74.5721134497224 99.99752516014522
v -196.78617847387812 70.85919809609254 99.99758139458204
v -200.2134849536524 65.93440670052959 99.99751905333886
v -189.9535028800349 58.794184866626054 99.9976271964866
v -186.52619640026063 63.718976262189 99.99768953772977
v -176.26629254366307 56.578732909859355 105.99779768032909
v -179.69359902343734 51.653941514296406 105.99773533908592
v -174.35840834515625 47.94102616066656 105.99779157352273
v -180.0705858114467 39.73304050139498 105.99768767145079
v -175.1457944161103 36.30573402112128 105.99773958016169
v -180.85797188240076 28.097748361849696 105.99763567808975
v -185.78276327773716 31.525054842123396 105.99758376937883
v -191.49494074402762 23.317069182851817 105.99747986730688
v -186.57014934869122 19.889762702578114 105.9975317760178
v -192.28232681498167 11.681777043306532 105.99742787394584
v -197.20711821031807 15.109083523580235 105.99737596523494
v -199.49198919683425 11.825889259871602 105.99733440440615
v -202.77518346039184 14.110760246720734 105.99729979859887
v -206.20248994016612 9.185968851157785 105.99723745735571
v -214.4104755990601 14.89814631828062 105.99715094283752
v -210.98316911928583 19.82293771384357 105.99721328408069
v -219.19115477817982 25.535115180966404 105.9971267695625
v -222.6184612579541 20.610323785403455 105.99706442831933
v -230.82644691684808 26.322501252526287 105.99697791380115
v -227.3991404370738 31.247292648089235 105.99704025504431
v -235.6071260959678 36.95947011521207 105.99695374052612
v -231.894210742879 42.2946607937386 105.9970212768729
v -226.9694193475426 38.8673543134649 105.99707318558382
v -219.82919751467955 49.12733638755438 105.99720306317376
v -224.75398891001595 52.55464286782808 105.99715115446284
v -217.6137670771529 62.81462494191756 105.99728103205278
v -212.6889756818165 59.38731846164386 105.9973329407637
v -202.12144736917912 74.57209193129628 105.9975251595968
v -196.78625669089803 70.85917657766643 105.99758139403363
v -200.2135631706723 65.93438518210348 105.99751905279045
v -189.95358109705484 58.794163348199945 105.9976271959382
v -186.52627461728056 63.71895474376289 105.99768953718136

vn -0.7213873267173767 -0.6925318241119385 0
vn -0.9079594016075134 -0.4190581738948822 0
vn -0.3090860843658447 -0.9510340690612793 0
vn -0.7682212591171265 -0.6401844024658203 0
vn -0.2873478829860687 -0.9578262567520142 0
vn 0.7682212591171265 -0.6401844024658203 0
vn 0.2873478829860687 -0.9578262567520142 0
vn -0.7682212591171265 -0.6401844024658203 0
vn -0.2873478829860687 -0.9578262567520142 0
vn 0.7682212591171265 -0.6401844024658203 0
vn 0.6000000238418579 -0.800000011920929 0
vn 0.8944271802902222 -0.4472135901451111 0
vn 0.3162277638912201 -0.9486833214759827 0
vn 0.9578262567520142 -0.2873478829860687 0
vn 0.6401844024658203 0.7682212591171265 0
vn 0.9578262567520142 0.2873478829860687 0
vn 0.6401844024658203 -0.7682212591171265 0
vn 0.9578262567520142 -0.2873478829860687 0
vn 0.6401844024658203 0.7682212591171265 0
vn 0.9578262567520142 0.2873478829860687 0
vn 0.6097107529640198 0.7926239967346191 0
vn -0.8792919516563416 0.47628316283226013 0
vn -0.23337295651435852 0.9723873138427734 0
vn 0.6925318241119385 0.7213873267173767 0
vn 0.23337295651435852 0.9723873138427734 0
vn -0.6925318241119385 0.7213873267173767 0
vn -0.16007116436958313 0.9871054887771606 0
vn -0.5749455094337463 0.8181917071342468 0
vn -0.47628316283226013 -0.8792919516563416 0
vn -0.9723873138427734 -0.23337295651435852 0
vn -0.7213873267173767 0.6925318241119385 0
vn -0.9723873138427734 0.23337295651435852 0
vn -0.9723873138427734 -0.23337295651435852 0
vn -0.47628316283226013 -0.8792919516563416 0
vn -0.7926239967346191 -0.6097107529640198 0
vn -0.2873478829860687 -0.9578262567520142 0
vn -0.7682212591171265 -0.6401844024658203 0
vn 0.2873478829860687 -0.9578262567520142 0
vn 0.7682212591171265 -0.6401844024658203 0
vn -0.2873478829860687 -0.9578262567520142 0
vn -0.7682212591171265 -0.6401844024658203 0
vn 0.2873478829860687 -0.9578262567520142 0
vn 0.9486833214759827 -0.3162277638912201 0
vn 0.4472135901451111 -0.8944271802902222 0
vn 0.800000011920929 -0.6000000238418579 0
vn 0.6401844024658203 -0.7682212591171265 0
vn 0.9578262567520142 0.2873478829860687 0
vn 0.6401844024658203 0.7682212591171265 0
vn 0.9578262567520142 -0.2873478829860687 0
vn 0.6401844024658203 -0.7682212591171265 0
vn 0.9578262567520142 0.2873478829860687 0
vn 0.6401844024658203 0.7682212591171265 0
vn 0.9510340690612793 0.3090860843658447 0
vn -0.4190581738948822 0.9079594016075134 0
vn -0.6925318241119385 0.7213873267173767 0
vn 0.23337295651435852 0.9723873138427734 0
vn 0.6925318241119385 0.7213873267173767 0
vn -0.23337295651435852 0.9723873138427734 0
vn -0.5441911220550537 0.8389613032341003 0
vn -0.17302601039409637 0.9849172830581665 0
vn -0.9079594016075134 -0.4190581738948822 0
vn -0.7213873267173767 -0.6925318241119385 0
vn -0.9723873138427734 0.23337295651435852 0
vn -0.7213873267173767 0.6925318241119385 0

vt 0 0 0.0
vt 6 0 0.0
vt 12.5 0 0.0
vt 22.5 0 0.0
vt 28.5 0 0.0
vt 38.5 0 0.0
vt 44.5 0 0.0
vt 54.5 0 0.0
vt 60.5 0 0.0
vt 70.5 0 0.0
vt 76.5 0 0.0
vt 80.5 0 0.0
vt 84.5 0 0.0
vt 90.5 0 0.0
vt 100.5 0 0.0
vt 106.5 0 0.0
vt 116.5 0 0.0
vt 122.5 0 0.0
vt 132.5 0 0.0
vt 138.5 0 0.0
vt 148.5 0 0.0
vt 155 0 0.0
vt 161 0 0.0
vt 173.5 0 0.0
vt 179.5 0 0.0
vt 192 0 0.0
vt 198 0 0.0
vt 216.5 0 0.0
vt 223 0 0.0
vt 229 0 0.0
vt 241.5 0 0.0
vt 247.5 0 0.0
vt 0 1 0.0
vt 6 1 0.0
vt 12.5 1 0.0
vt 22.5 1 0.0
vt 28.5 1 0.0
vt 38.5 1 0.0
vt 44.5 1 0.0
vt 54.5 1 0.0
vt 60.5 1 0.0
vt 70.5 1 0.0
vt 76.5 1 0.0
vt 80.5 1 0.0
vt 84.5 1 0.0
vt 90.5 1 0.0
vt 100.5 1 0.0
vt 106.5 1 0.0
vt 116.5 1 0.0
vt 122.5 1 0.0
vt 132.5 1 0.0
vt 138.5 1 0.0
vt 148.5 1 0.0
vt 155 1 0.0
vt 161 1 0.0
vt 173.5 1 0.0
vt 179.5 1 0.0
vt 192 1 0.0
vt 198 1 0.0
vt 216.5 1 0.0
vt 223 1 0.0
vt 229 1 0.0
vt 241.5 1 0.0
vt 247.5 1 0.0

o 2-plate-outlineSide
usemtl burnededges
f 409/409/409 441/441/441 442/442/442
f 409/409/409 442/442/442 410/410/410
f 410/410/410 442/442/442 443/443/443
f 410/410/410 443/443/443 411/411/411
f 411/411/411 443/443/443 444/444/444
f 411/411/411 444/444/444 412/412/412
f 412/412/412 444/444/444 445/445/445
f 412/412/412 445/445/445 413/413/413
f 413/413/413 445/445/445 446/446/446
f 413/413/413 446/446/446 414/414/414
f 414/414/414 446/446/446 447/447/447
f 414/414/414 447/447/447 415/415/415
f 415/415/415 447/447/447 448/448/448
f 415/415/415 448/448/448 416/416/416
f 416/416/416 448/448/448 449/449/449
f 416/416/416 449/449/449 417/417/417
f 417/417/417 449/449/449 450/450/450
f 417/417/417 450/450/450 418/418/418
f 418/418/418 450/450/450 451/451/451
f 418/418/418 451/451/451 419/419/419
f 419/419/419 451/451/451 452/452/452
f 419/419/419 452/452/452 420/420/420
f 420/420/420 452/452/452 453/453/453
f 420/420/420 453/453/453 421/421/421
f 421/421/421 453/453/453 454/454/454
f 421/421/421 454/454/454 422/422/422
f 422/422/422 454/454/454 455/455/455
f 422/422/422 455/455/455 423/423/423
f 423/423/423 455/455/455 456/456/456
f 423/423/423 456/456/456 424/424/424
f 424/424/424 456/456/456 457/457/457
f 424/424/424 457/457/457 425/425/425
f 425/425/425 457/457/457 458/458/458
f 425/425/425 458/458/458 426/426/426
f 426/426/426 458/458/458 459/459/459
f 426/426/426 459/459/459 427/427/427
f 427/427/427 459/459/459 460/460/460
f 427/427/427 460/460/460 428/428/428
f 428/428/428 460/460/460 461/461/461
f 428/428/428 461/461/461 429/429/429
f 429/429/429 461/461/461 462/462/462
f 429/429/429 462/462/462 430/430/430
f 430/430/430 462/462/462 463/463/463
f 430/430/430 463/463/463 431/431/431
f 431/431/431 463/463/463 464/464/464
f 431/431/431 464/464/464 432/432/432
f 432/432/432 464/464/464 465/465/465
f 432/432/432 465/465/465 433/433/433
f 433/433/433 465/465/465 466/466/466
f 433/433/433 466/466/466 434/434/434
f 434/434/434 466/466/466 467/467/467
f 434/434/434 467/467/467 435/435/435
f 435/435/435 467/467/467 468/468/468
f 435/435/435 468/468/468 436/436/436
f 436/436/436 468/468/468 469/469/469
f 436/436/436 469/469/469 437/437/437
f 437/437/437 469/469/469 470/470/470
f 437/437/437 470/470/470 438/438/438
f 438/438/438 470/470/470 471/471/471
f 438/438/438 471/471/471 439/439/439
f 439/439/439 471/471/471 472/472/472
f 439/439/439 472/472/472 440/440/440
f 440/440/440 472/472/472 441/441/441
f 440/440/440 441/441/441 409/409/409




o 2-plate-holeSide
usemtl burnededges

v -148.01222142571132 75.29386674130501 49.99823312012195
v -144.29930607262253 80.62905741983154 49.99830065646873
v -144.29945090447904 80.629017574877 61.108301265804826
v -140.87214442470477 85.55380897043995 61.108363607048
v -140.87228925653642 85.55376912549224 72.21836230903546
v -144.2995957363107 80.62897772992929 72.21829996779229
v -144.29974056816724 80.62893788497476 83.32830057712837
v -140.87243408839294 85.55372928053771 83.32836291837155
v -140.87257892024326 85.55368943558489 94.43836305087048
v -144.29988540001753 80.62889804002194 94.43830070962731
v -144.30003036222632 80.62885815920595 105.55830059417
v -140.87272388245202 85.5536495547689 105.55836293541317
v -140.87286871430234 85.55360970981606 116.66836306791211
v -144.30017519407662 80.62881831425311 116.66830072666893
v -144.30032002593313 80.62877846929857 127.77830133600503
v -140.87301354615886 85.55356986486152 127.7783636772482
v -140.87315837799053 85.55353001991381 138.88836237923564
v -144.30046485776478 80.62873862435086 138.88830003799248
v -144.3005314726014 80.62872029782244 143.998300647877
v -147.21945450651947 76.43443912495897 143.99824755391188
v -147.2195327235394 76.43441760653286 149.99824755336346
v -153.56576114772034 67.31534660365547 149.99813211817502
v -153.5656829307004 67.31536812208158 143.99813211872342
v -159.91191244439275 58.196295553655176 143.99801668351512
v -159.9119906614127 58.19627403522906 149.99801668296672
v -166.25821990272718 49.077201858189895 149.9979012477634
v -166.25814168570724 49.07722337661601 143.9979012483118
v -172.61008296285155 39.94994341743895 143.99778570920898
v -172.61016117987148 39.949921899012836 149.9977857086606
v -178.95639042118597 30.830849721973678 149.99767027345726
v -178.95631220416604 30.830871240399794 143.99767027400566
v -185.3025417178584 21.71179867197338 143.99755483879738
v -185.30261993487832 21.711777153547267 149.99755483824896
v -191.64884835905926 12.592706150669876 149.9974394030605
v -191.64877014203933 12.59272766909599 143.99743940360892
v -194.5676931759574 8.39844649623252 143.9973863096438
v -194.56764103127745 8.398460841849928 139.9973863100094
v -197.99494751105172 3.4736694462869835 139.99732396876624
v -197.99481714935183 3.4737053103305016 129.99732396968025
v -194.56751066957756 8.39849670589345 129.99738631092342
v -194.5673803078777 8.398532569936972 119.99738631183745
v -197.99468678765197 3.4737411743740267 119.99732397059427
v -197.99455642595208 3.473777038417545 109.99732397150828
v -194.5672499461778 8.398568433980493 109.99738631275146
v -194.56711958447792 8.398604298024011 99.99738631366547
v -192.28224859796174 11.681798561732645 99.99742787449425
v -192.28232681498167 11.681777043306532 105.99742787394584
v -186.57014934869122 19.889762702578114 105.9975317760178
v -186.57007113167128 19.889784221004227 99.9975317765662
v -180.85789366538083 28.09776988027581 99.99763567863816
v -180.85797188240076 28.097748361849696 105.99763567808975
v -175.1457944161103 36.30573402112128 105.99773958016169
v -175.14571619909037 36.30575553954739 99.99773958071012
v -169.43353873279992 44.51374119881897 99.99784348278206
v -169.43337578067508 44.513786028873376 87.49784348392458
v -166.0060693009008 49.438577424436325 87.49790582516775
v -166.00590634877594 49.438622254490724 74.99790582631027
v -169.4332128285502 44.513830858927776 74.99784348506711
v -169.43304987642537 44.51387568898218 62.497843486209625
v -166.0057433966511 49.43866708454513 62.4979058274528
v -166.00550222750633 49.43873343302564 43.99790582914372
v -162.2925868744175 54.77392411155217 43.997973365490495
v -162.29266509143747 54.77390259312606 49.997973364942084
v -155.15244325857438 65.03388466721553 49.99810324253201
v -155.15236504155445 65.03390618564165 43.99810324308042
v -148.01214320869138 75.29388825973112 43.99823312067036

vn 0 0 1
vn 0 0 1
vn 0 0 1
vn 0 0 1
vn 0 0 1
vn 0 0 1
vn 0 0 1
vn 0 0 1
vn 0 0 1
vn 0 0 1
vn 0 0 1
vn 0 0 1
vn 0 0 1
vn 0 0 1
vn 0 0 1
vn 0 0 1
vn 0 0 1
vn 0 0 1
vn 0 0 1
vn 0 0 1
vn 0 0 1
vn 0 0 1
vn 0 0 1
vn 0 0 1
vn 0 0 1
vn 0 0 1
vn 0 0 1
vn 0 0 1
vn 0 0 1
vn 0 0 1
vn 0 0 1
vn 0 0 1
vn 0 0 1
vn 0 0 1
vn 0 0 1
vn 0 0 1
vn 0 0 1
vn 0 0 1
vn 0 0 1
vn 0 0 1
vn 0 0 1
vn 0 0 1
vn 0 0 1
vn 0 0 1
vn 0 0 1
vn 0 0 1
vn 0 0 1
vn 0 0 1
vn 0 0 1
vn 0 0 1
vn 0 0 1
vn 0 0 1
vn 0 0 1
vn 0 0 1
vn 0 0 1
vn 0 0 1
vn 0 0 1
vn 0 0 1
vn 0 0 1
vn 0 0 1
vn 0 0 1
vn 0 0 1
vn 0 0 1
vn 0 0 1
vn 0 0 1
vn 0 0 1

vt -62.5 75 0.0
vt -69 75 0.0
vt -69 63.88999938964844 0.0
vt -75 63.88999938964844 0.0
vt -75 52.779998779296875 0.0
vt -69 52.779998779296875 0.0
vt -69 41.66999816894531 0.0
vt -75 41.66999816894531 0.0
vt -75 30.559999465942383 0.0
vt -69 30.559999465942383 0.0
vt -69 19.440000534057617 0.0
vt -75 19.440000534057617 0.0
vt -75 8.329999923706055 0.0
vt -69 8.329999923706055 0.0
vt -69 -2.7799999713897705 0.0
vt -75 -2.7799999713897705 0.0
vt -75 -13.890000343322754 0.0
vt -69 -13.890000343322754 0.0
vt -69 -19 0.0
vt -63.88999938964844 -19 0.0
vt -63.88999938964844 -25 0.0
vt -52.779998779296875 -25 0.0
vt -52.779998779296875 -19 0.0
vt -41.66999816894531 -19 0.0
vt -41.66999816894531 -25 0.0
vt -30.559999465942383 -25 0.0
vt -30.559999465942383 -19 0.0
vt -19.440000534057617 -19 0.0
vt -19.440000534057617 -25 0.0
vt -8.329999923706055 -25 0.0
vt -8.329999923706055 -19 0.0
vt 2.7799999713897705 -19 0.0
vt 2.7799999713897705 -25 0.0
vt 13.890000343322754 -25 0.0
vt 13.890000343322754 -19 0.0
vt 19 -19 0.0
vt 19 -15 0.0
vt 25 -15 0.0
vt 25 -5 0.0
vt 19 -5 0.0
vt 19 5 0.0
vt 25 5 0.0
vt 25 15 0.0
vt 19 15 0.0
vt 19 25 0.0
vt 15 25 0.0
vt 15 19 0.0
vt 5 19 0.0
vt 5 25 0.0
vt -5 25 0.0
vt -5 19 0.0
vt -15 19 0.0
vt -15 25 0.0
vt -25 25 0.0
vt -25 37.5 0.0
vt -31 37.5 0.0
vt -31 50 0.0
vt -25 50 0.0
vt -25 62.5 0.0
vt -31 62.5 0.0
vt -31 81 0.0
vt -37.5 81 0.0
vt -37.5 75 0.0
vt -50 75 0.0
vt -50 81 0.0
vt -62.5 81 0.0

o 3-plate-frontSurface
usemtl frontSurface
f 537/537/537 538/538/538 473/473/473
f 473/473/473 474/474/474 475/475/475
f 475/475/475 476/476/476 477/477/477
f 479/479/479 480/480/480 481/481/481
f 483/483/483 484/484/484 485/485/485
f 487/487/487 488/488/488 489/489/489
f 490/490/490 491/491/491 492/492/492
f 492/492/492 493/493/493 494/494/494
f 496/496/496 497/497/497 498/498/498
f 500/500/500 501/501/501 502/502/502
f 504/504/504 505/505/505 506/506/506
f 507/507/507 508/508/508 509/509/509
f 509/509/509 510/510/510 511/511/511
f 513/513/513 514/514/514 515/515/515
f 516/516/516 517/517/517 518/518/518
f 520/520/520 521/521/521 522/522/522
f 524/524/524 525/525/525 526/526/526
f 526/526/526 527/527/527 528/528/528
f 529/529/529 530/530/530 531/531/531
f 532/532/532 533/533/533 534/534/534
f 536/536/536 537/537/537 473/473/473
f 473/473/473 475/475/475 477/477/477
f 479/479/479 481/481/481 482/482/482
f 483/483/483 485/485/485 486/486/486
f 487/487/487 489/489/489 490/490/490
f 490/490/490 492/492/492 494/494/494
f 496/496/496 498/498/498 499/499/499
f 500/500/500 502/502/502 503/503/503
f 504/504/504 506/506/506 507/507/507
f 507/507/507 509/509/509 511/511/511
f 513/513/513 515/515/515 516/516/516
f 516/516/516 518/518/518 519/519/519
f 520/520/520 522/522/522 523/523/523
f 529/529/529 531/531/531 532/532/532
f 532/532/532 534/534/534 535/535/535
f 536/536/536 473/473/473 477/477/477
f 487/487/487 490/490/490 494/494/494
f 504/504/504 507/507/507 511/511/511
f 513/513/513 516/516/516 519/519/519
f 529/529/529 532/532/532 535/535/535
f 535/535/535 536/536/536 477/477/477
f 486/486/486 487/487/487 494/494/494
f 503/503/503 504/504/504 511/511/511
f 512/512/512 513/513/513 519/519/519
f 528/528/528 529/529/529 535/535/535
f 535/535/535 477/477/477 478/478/478
f 483/483/483 486/486/486 494/494/494
f 500/500/500 503/503/503 511/511/511
f 512/512/512 519/519/519 520/520/520
f 528/528/528 535/535/535 478/478/478
f 482/482/482 483/483/483 494/494/494
f 499/499/499 500/500/500 511/511/511
f 512/512/512 520/520/520 523/523/523
f 526/526/526 528/528/528 478/478/478
f 479/479/479 482/482/482 494/494/494
f 496/496/496 499/499/499 511/511/511
f 512/512/512 523/523/523 524/524/524
f 526/526/526 478/478/478 479/479/479
f 479/479/479 494/494/494 495/495/495
f 495/495/495 496/496/496 511/511/511
f 512/512/512 524/524/524 526/526/526
f 526/526/526 479/479/479 495/495/495
f 495/495/495 511/511/511 512/512/512
f 512/512/512 526/526/526 495/495/495

v -152.93701282104772 78.72117322157871 49.99818121141105
v -149.22409746795893 84.05636390010524 49.99824874775781
v -149.22424229981544 84.0563240551507 61.10824935709391
v -145.79693582004117 88.98111545071365 61.10831169833708
v -145.79708065187282 88.98107560576595 72.21831040032454
v -149.2243871316471 84.056284210203 72.21824805908136
v -149.22453196350364 84.05624436524846 83.32824866841747
v -145.79722548372933 88.98103576081141 83.32831100966064
v -145.79737031557966 88.98099591585859 94.43831114215956
v -149.22467679535393 84.05620452029564 94.4382488009164
v -149.2248217575627 84.05616463947965 105.55824868545909
v -145.79751527778842 88.9809560350426 105.55831102670226
v -145.79766010963874 88.98091619008976 116.6683111592012
v -149.22496658941301 84.05612479452681 116.66824881795803
v -149.22511142126953 84.05608494957227 127.77824942729411
v -145.79780494149526 88.98087634513521 127.77831176853729
v -145.79794977332693 88.98083650018752 138.88831047052474
v -149.22525625310118 84.05604510462457 138.88824812928158
v -149.2253228679378 84.05602677809614 143.99824873916606
v -152.14424590185587 79.86174560523267 143.99819564520095
v -152.1443241188758 79.86172408680656 149.99819564465255
v -158.49055254305674 70.74265308392917 149.9980802094641
v -158.4904743260368 70.74267460235528 143.9980802100125
v -164.83670383972915 61.623602033928876 143.99796477480422
v -164.8367820567491 61.62358051550276 149.99796477425582
v -171.18301129806358 52.504508338463594 149.9978493390525
v -171.18293308104364 52.50452985688971 143.9978493396009
v -177.53487435818795 43.37724989771265 143.99773380049805
v -177.53495257520788 43.37722837928654 149.99773379994966
v -183.88118181652237 34.25815620224738 149.99761836474633
v -183.88110359950244 34.258177720673494 143.99761836529476
v -190.2273331131948 25.139105152247076 143.99750293008645
v -190.2274113302147 25.139083633820967 149.99750292953806
v -196.57363975439566 16.020012630943576 149.9973874943496
v -196.57356153737572 16.02003414936969 143.997387494898
v -199.4924845712938 11.82575297650622 143.99733440093289
v -199.49243242661385 11.825767322123628 139.9973344012985
v -202.91973890638812 6.90097592656068 139.99727206005534
v -202.91960854468823 6.901011790604201 129.99727206096935
v -199.49230206491396 11.82580318616715 129.99733440221252
v -199.4921717032141 11.825839050210675 119.99733440312653
v -202.91947818298837 6.901047654647726 119.99727206188336
v -202.91934782128848 6.901083518691248 109.99727206279738
v -199.4920413415142 11.825874914254197 109.99733440404054
v -199.49191097981432 11.825910778297715 99.99733440495456
v -197.20703999329814 15.109105042006348 99.99737596578333
v -197.20711821031807 15.109083523580235 105.99737596523494
v -191.49494074402762 23.317069182851817 105.99747986730688
v -191.49486252700768 23.317090701277927 99.99747986785529
v -185.78268506071723 31.525076360549512 99.99758376992725
v -185.78276327773716 31.5250548421234 105.99758376937883
v -180.0705858114467 39.73304050139498 105.99768767145079
v -180.07050759442677 39.73306201982109 99.9976876719992
v -174.35833012813632 47.94104767909268 99.99779157407116
v -174.35816717601148 47.941092509147076 87.49779157521367
v -170.9308606962372 52.865883904710024 87.49785391645685
v -170.93069774411234 52.865928734764424 74.99785391759937
v -174.3580042238866 47.941137339201475 74.99779157635619
v -174.35784127176177 47.94118216925588 62.49779157749872
v -170.9305347919875 52.86597356481883 62.49785391874189
v -170.93029362284273 52.86603991329934 43.9978539204328
v -167.2173782697539 58.201230591825876 43.99792145677958
v -167.21745648677384 58.20120907339977 49.99792145623117
v -160.07723465391078 68.46119114748923 49.99805133382111
v -160.07715643689085 68.46121266591535 43.99805133436952
v -152.93693460402778 78.72119474000482 43.99818121195946

vn 0 0 -1
vn 0 0 -1
vn 0 0 -1
vn 0 0 -1
vn 0 0 -1
vn 0 0 -1
vn 0 0 -1
vn 0 0 -1
vn 0 0 -1
vn 0 0 -1
vn 0 0 -1
vn 0 0 -1
vn 0 0 -1
vn 0 0 -1
vn 0 0 -1
vn 0 0 -1
vn 0 0 -1
vn 0 0 -1
vn 0 0 -1
vn 0 0 -1
vn 0 0 -1
vn 0 0 -1
vn 0 0 -1
vn 0 0 -1
vn 0 0 -1
vn 0 0 -1
vn 0 0 -1
vn 0 0 -1
vn 0 0 -1
vn 0 0 -1
vn 0 0 -1
vn 0 0 -1
vn 0 0 -1
vn 0 0 -1
vn 0 0 -1
vn 0 0 -1
vn 0 0 -1
vn 0 0 -1
vn 0 0 -1
vn 0 0 -1
vn 0 0 -1
vn 0 0 -1
vn 0 0 -1
vn 0 0 -1
vn 0 0 -1
vn 0 0 -1
vn 0 0 -1
vn 0 0 -1
vn 0 0 -1
vn 0 0 -1
vn 0 0 -1
vn 0 0 -1
vn 0 0 -1
vn 0 0 -1
vn 0 0 -1
vn 0 0 -1
vn 0 0 -1
vn 0 0 -1
vn 0 0 -1
vn 0 0 -1
vn 0 0 -1
vn 0 0 -1
vn 0 0 -1
vn 0 0 -1
vn 0 0 -1
vn 0 0 -1

vt -62.5 75 0.0
vt -69 75 0.0
vt -69 63.88999938964844 0.0
vt -75 63.88999938964844 0.0
vt -75 52.779998779296875 0.0
vt -69 52.779998779296875 0.0
vt -69 41.66999816894531 0.0
vt -75 41.66999816894531 0.0
vt -75 30.559999465942383 0.0
vt -69 30.559999465942383 0.0
vt -69 19.440000534057617 0.0
vt -75 19.440000534057617 0.0
vt -75 8.329999923706055 0.0
vt -69 8.329999923706055 0.0
vt -69 -2.7799999713897705 0.0
vt -75 -2.7799999713897705 0.0
vt -75 -13.890000343322754 0.0
vt -69 -13.890000343322754 0.0
vt -69 -19 0.0
vt -63.88999938964844 -19 0.0
vt -63.88999938964844 -25 0.0
vt -52.779998779296875 -25 0.0
vt -52.779998779296875 -19 0.0
vt -41.66999816894531 -19 0.0
vt -41.66999816894531 -25 0.0
vt -30.559999465942383 -25 0.0
vt -30.559999465942383 -19 0.0
vt -19.440000534057617 -19 0.0
vt -19.440000534057617 -25 0.0
vt -8.329999923706055 -25 0.0
vt -8.329999923706055 -19 0.0
vt 2.7799999713897705 -19 0.0
vt 2.7799999713897705 -25 0.0
vt 13.890000343322754 -25 0.0
vt 13.890000343322754 -19 0.0
vt 19 -19 0.0
vt 19 -15 0.0
vt 25 -15 0.0
vt 25 -5 0.0
vt 19 -5 0.0
vt 19 5 0.0
vt 25 5 0.0
vt 25 15 0.0
vt 19 15 0.0
vt 19 25 0.0
vt 15 25 0.0
vt 15 19 0.0
vt 5 19 0.0
vt 5 25 0.0
vt -5 25 0.0
vt -5 19 0.0
vt -15 19 0.0
vt -15 25 0.0
vt -25 25 0.0
vt -25 37.5 0.0
vt -31 37.5 0.0
vt -31 50 0.0
vt -25 50 0.0
vt -25 62.5 0.0
vt -31 62.5 0.0
vt -31 81 0.0
vt -37.5 81 0.0
vt -37.5 75 0.0
vt -50 75 0.0
vt -50 81 0.0
vt -62.5 81 0.0

o 3-plate-backSurface
usemtl backSurface
f 539/539/539 604/604/604 603/603/603
f 541/541/541 540/540/540 539/539/539
f 543/543/543 542/542/542 541/541/541
f 547/547/547 546/546/546 545/545/545
f 551/551/551 550/550/550 549/549/549
f 555/555/555 554/554/554 553/553/553
f 558/558/558 557/557/557 556/556/556
f 560/560/560 559/559/559 558/558/558
f 564/564/564 563/563/563 562/562/562
f 568/568/568 567/567/567 566/566/566
f 572/572/572 571/571/571 570/570/570
f 575/575/575 574/574/574 573/573/573
f 577/577/577 576/576/576 575/575/575
f 581/581/581 580/580/580 579/579/579
f 584/584/584 583/583/583 582/582/582
f 588/588/588 587/587/587 586/586/586
f 592/592/592 591/591/591 590/590/590
f 594/594/594 593/593/593 592/592/592
f 597/597/597 596/596/596 595/595/595
f 600/600/600 599/599/599 598/598/598
f 539/539/539 603/603/603 602/602/602
f 543/543/543 541/541/541 539/539/539
f 548/548/548 547/547/547 545/545/545
f 552/552/552 551/551/551 549/549/549
f 556/556/556 555/555/555 553/553/553
f 560/560/560 558/558/558 556/556/556
f 565/565/565 564/564/564 562/562/562
f 569/569/569 568/568/568 566/566/566
f 573/573/573 572/572/572 570/570/570
f 577/577/577 575/575/575 573/573/573
f 582/582/582 581/581/581 579/579/579
f 585/585/585 584/584/584 582/582/582
f 589/589/589 588/588/588 586/586/586
f 598/598/598 597/597/597 595/595/595
f 601/601/601 600/600/600 598/598/598
f 543/543/543 539/539/539 602/602/602
f 560/560/560 556/556/556 553/553/553
f 577/577/577 573/573/573 570/570/570
f 585/585/585 582/582/582 579/579/579
f 601/601/601 598/598/598 595/595/595
f 543/543/543 602/602/602 601/601/601
f 560/560/560 553/553/553 552/552/552
f 577/577/577 570/570/570 569/569/569
f 585/585/585 579/579/579 578/578/578
f 601/601/601 595/595/595 594/594/594
f 544/544/544 543/543/543 601/601/601
f 560/560/560 552/552/552 549/549/549
f 577/577/577 569/569/569 566/566/566
f 586/586/586 585/585/585 578/578/578
f 544/544/544 601/601/601 594/594/594
f 560/560/560 549/549/549 548/548/548
f 577/577/577 566/566/566 565/565/565
f 589/589/589 586/586/586 578/578/578
f 544/544/544 594/594/594 592/592/592
f 560/560/560 548/548/548 545/545/545
f 577/577/577 565/565/565 562/562/562
f 590/590/590 589/589/589 578/578/578
f 545/545/545 544/544/544 592/592/592
f 561/561/561 560/560/560 545/545/545
f 577/577/577 562/562/562 561/561/561
f 592/592/592 590/590/590 578/578/578
f 561/561/561 545/545/545 592/592/592
f 578/578/578 577/577/577 561/561/561
f 561/561/561 592/592/592 578/578/578

v -148.01222142571132 75.29386674130501 49.99823312012195
v -144.29930607262253 80.62905741983154 49.99830065646873
v -144.29945090447904 80.629017574877 61.108301265804826
v -140.87214442470477 85.55380897043995 61.108363607048
v -140.87228925653642 85.55376912549224 72.21836230903546
v -144.2995957363107 80.62897772992929 72.21829996779229
v -144.29974056816724 80.62893788497476 83.32830057712837
v -140.87243408839294 85.55372928053771 83.32836291837155
v -140.87257892024326 85.55368943558489 94.43836305087048
v -144.29988540001753 80.62889804002194 94.43830070962731
v -144.30003036222632 80.62885815920595 105.55830059417
v -140.87272388245202 85.5536495547689 105.55836293541317
v -140.87286871430234 85.55360970981606 116.66836306791211
v -144.30017519407662 80.62881831425311 116.66830072666893
v -144.30032002593313 80.62877846929857 127.77830133600503
v -140.87301354615886 85.55356986486152 127.7783636772482
v -140.87315837799053 85.55353001991381 138.88836237923564
v -144.30046485776478 80.62873862435086 138.88830003799248
v -144.3005314726014 80.62872029782244 143.998300647877
v -147.21945450651947 76.43443912495897 143.99824755391188
v -147.2195327235394 76.43441760653286 149.99824755336346
v -153.56576114772034 67.31534660365547 149.99813211817502
v -153.5656829307004 67.31536812208158 143.99813211872342
v -159.91191244439275 58.196295553655176 143.99801668351512
v -159.9119906614127 58.19627403522906 149.99801668296672
v -166.25821990272718 49.077201858189895 149.9979012477634
v -166.25814168570724 49.07722337661601 143.9979012483118
v -172.61008296285155 39.94994341743895 143.99778570920898
v -172.61016117987148 39.949921899012836 149.9977857086606
v -178.95639042118597 30.830849721973678 149.99767027345726
v -178.95631220416604 30.830871240399794 143.99767027400566
v -185.3025417178584 21.71179867197338 143.99755483879738
v -185.30261993487832 21.711777153547267 149.99755483824896
v -191.64884835905926 12.592706150669876 149.9974394030605
v -191.64877014203933 12.59272766909599 143.99743940360892
v -194.5676931759574 8.39844649623252 143.9973863096438
v -194.56764103127745 8.398460841849928 139.9973863100094
v -197.99494751105172 3.4736694462869835 139.99732396876624
v -197.99481714935183 3.4737053103305016 129.99732396968025
v -194.56751066957756 8.39849670589345 129.99738631092342
v -194.5673803078777 8.398532569936972 119.99738631183745
v -197.99468678765197 3.4737411743740267 119.99732397059427
v -197.99455642595208 3.473777038417545 109.99732397150828
v -194.5672499461778 8.398568433980493 109.99738631275146
v -194.56711958447792 8.398604298024011 99.99738631366547
v -192.28224859796174 11.681798561732645 99.99742787449425
v -192.28232681498167 11.681777043306532 105.99742787394584
v -186.57014934869122 19.889762702578114 105.9975317760178
v -186.57007113167128 19.889784221004227 99.9975317765662
v -180.85789366538083 28.09776988027581 99.99763567863816
v -180.85797188240076 28.097748361849696 105.99763567808975
v -175.1457944161103 36.30573402112128 105.99773958016169
v -175.14571619909037 36.30575553954739 99.99773958071012
v -169.43353873279992 44.51374119881897 99.99784348278206
v -169.43337578067508 44.513786028873376 87.49784348392458
v -166.0060693009008 49.438577424436325 87.49790582516775
v -166.00590634877594 49.438622254490724 74.99790582631027
v -169.4332128285502 44.513830858927776 74.99784348506711
v -169.43304987642537 44.51387568898218 62.497843486209625
v -166.0057433966511 49.43866708454513 62.4979058274528
v -166.00550222750633 49.43873343302564 43.99790582914372
v -162.2925868744175 54.77392411155217 43.997973365490495
v -162.29266509143747 54.77390259312606 49.997973364942084
v -155.15244325857438 65.03388466721553 49.99810324253201
v -155.15236504155445 65.03390618564165 43.99810324308042
v -148.01214320869138 75.29388825973112 43.99823312067036
v -152.93701282104772 78.72117322157871 49.99818121141105
v -149.22409746795893 84.05636390010524 49.99824874775781
v -149.22424229981544 84.0563240551507 61.10824935709391
v -145.79693582004117 88.98111545071365 61.10831169833708
v -145.79708065187282 88.98107560576595 72.21831040032454
v -149.2243871316471 84.056284210203 72.21824805908136
v -149.22453196350364 84.05624436524846 83.32824866841747
v -145.79722548372933 88.98103576081141 83.32831100966064
v -145.79737031557966 88.98099591585859 94.43831114215956
v -149.22467679535393 84.05620452029564 94.4382488009164
v -149.2248217575627 84.05616463947965 105.55824868545909
v -145.79751527778842 88.9809560350426 105.55831102670226
v -145.79766010963874 88.98091619008976 116.6683111592012
v -149.22496658941301 84.05612479452681 116.66824881795803
v -149.22511142126953 84.05608494957227 127.77824942729411
v -145.79780494149526 88.98087634513521 127.77831176853729
v -145.79794977332693 88.98083650018752 138.88831047052474
v -149.22525625310118 84.05604510462457 138.88824812928158
v -149.2253228679378 84.05602677809614 143.99824873916606
v -152.14424590185587 79.86174560523267 143.99819564520095
v -152.1443241188758 79.86172408680656 149.99819564465255
v -158.49055254305674 70.74265308392917 149.9980802094641
v -158.4904743260368 70.74267460235528 143.9980802100125
v -164.83670383972915 61.623602033928876 143.99796477480422
v -164.8367820567491 61.62358051550276 149.99796477425582
v -171.18301129806358 52.504508338463594 149.9978493390525
v -171.18293308104364 52.50452985688971 143.9978493396009
v -177.53487435818795 43.37724989771265 143.99773380049805
v -177.53495257520788 43.37722837928654 149.99773379994966
v -183.88118181652237 34.25815620224738 149.99761836474633
v -183.88110359950244 34.258177720673494 143.99761836529476
v -190.2273331131948 25.139105152247076 143.99750293008645
v -190.2274113302147 25.139083633820967 149.99750292953806
v -196.57363975439566 16.020012630943576 149.9973874943496
v -196.57356153737572 16.02003414936969 143.997387494898
v -199.4924845712938 11.82575297650622 143.99733440093289
v -199.49243242661385 11.825767322123628 139.9973344012985
v -202.91973890638812 6.90097592656068 139.99727206005534
v -202.91960854468823 6.901011790604201 129.99727206096935
v -199.49230206491396 11.82580318616715 129.99733440221252
v -199.4921717032141 11.825839050210675 119.99733440312653
v -202.91947818298837 6.901047654647726 119.99727206188336
v -202.91934782128848 6.901083518691248 109.99727206279738
v -199.4920413415142 11.825874914254197 109.99733440404054
v -199.49191097981432 11.825910778297715 99.99733440495456
v -197.20703999329814 15.109105042006348 99.99737596578333
v -197.20711821031807 15.109083523580235 105.99737596523494
v -191.49494074402762 23.317069182851817 105.99747986730688
v -191.49486252700768 23.317090701277927 99.99747986785529
v -185.78268506071723 31.525076360549512 99.99758376992725
v -185.78276327773716 31.5250548421234 105.99758376937883
v -180.0705858114467 39.73304050139498 105.99768767145079
v -180.07050759442677 39.73306201982109 99.9976876719992
v -174.35833012813632 47.94104767909268 99.99779157407116
v -174.35816717601148 47.941092509147076 87.49779157521367
v -170.9308606962372 52.865883904710024 87.49785391645685
v -170.93069774411234 52.865928734764424 74.99785391759937
v -174.3580042238866 47.941137339201475 74.99779157635619
v -174.35784127176177 47.94118216925588 62.49779157749872
v -170.9305347919875 52.86597356481883 62.49785391874189
v -170.93029362284273 52.86603991329934 43.9978539204328
v -167.2173782697539 58.201230591825876 43.99792145677958
v -167.21745648677384 58.20120907339977 49.99792145623117
v -160.07723465391078 68.46119114748923 49.99805133382111
v -160.07715643689085 68.46121266591535 43.99805133436952
v -152.93693460402778 78.72119474000482 43.99818121195946

vn -0.4190581738948822 0.9079594016075134 0
vn -0.9597771763801575 0.2807628810405731 0
vn -0.6793714761734009 0.7337945103645325 0
vn -0.965422511100769 0.2606901228427887 0
vn -0.6793714761734009 -0.7337945103645325 0
vn -0.965422511100769 -0.2606901228427887 0
vn -0.6793714761734009 0.7337945103645325 0
vn -0.965422511100769 0.2606901228427887 0
vn -0.6793714761734009 -0.7337945103645325 0
vn -0.9654815196990967 -0.2604716122150421 0
vn -0.679700493812561 0.7334897518157959 0
vn -0.965422511100769 0.2606901228427887 0
vn -0.6793714761734009 -0.7337945103645325 0
vn -0.965422511100769 -0.2606901228427887 0
vn -0.6793714761734009 0.7337945103645325 0
vn -0.965422511100769 0.2606901228427887 0
vn -0.6793714761734009 -0.7337945103645325 0
vn -0.8623677492141724 -0.5062824487686157 0
vn -0.4472135901451111 -0.8944271802902222 0
vn -0.9200546741485596 -0.3917899429798126 0
vn -0.2606901228427887 -0.965422511100769 0
vn 0.7337945103645325 -0.6793714761734009 0
vn 0.2606901228427887 -0.965422511100769 0
vn -0.7337945103645325 -0.6793714761734009 0
vn -0.2606901228427887 -0.965422511100769 0
vn 0.7337945103645325 -0.6793714761734009 0
vn 0.2604716122150421 -0.9654815196990967 0
vn -0.7334897518157959 -0.679700493812561 0
vn -0.2606901228427887 -0.965422511100769 0
vn 0.7337945103645325 -0.6793714761734009 0
vn 0.2606901228427887 -0.965422511100769 0
vn -0.7337945103645325 -0.6793714761734009 0
vn -0.2606901228427887 -0.965422511100769 0
vn 0.7337945103645325 -0.6793714761734009 0
vn 0.5062824487686157 -0.8623677492141724 0
vn 0.8427493572235107 -0.5383061766624451 0
vn 0.3162277638912201 -0.9486833214759827 0
vn 0.9578262567520142 -0.2873478829860687 0
vn 0.6401844024658203 0.7682212591171265 0
vn 0.9578262567520142 0.2873478829860687 0
vn 0.6401844024658203 -0.7682212591171265 0
vn 0.9578262567520142 -0.2873478829860687 0
vn 0.6401844024658203 0.7682212591171265 0
vn 0.9578262567520142 0.2873478829860687 0
vn 0.7808688282966614 0.6246950626373291 0
vn -0.9486833214759827 0.3162277638912201 0
vn -0.2873478829860687 0.9578262567520142 0
vn 0.7682212591171265 0.6401844024658203 0
vn 0.2873478829860687 0.9578262567520142 0
vn -0.7682212591171265 0.6401844024658203 0
vn -0.2873478829860687 0.9578262567520142 0
vn 0.7682212591171265 0.6401844024658203 0
vn 0.2873478829860687 0.9578262567520142 0
vn 0.9284766912460327 0.3713906705379486 0
vn 0.7213873267173767 0.6925318241119385 0
vn 0.9723873138427734 0.23337295651435852 0
vn 0.7213873267173767 -0.6925318241119385 0
vn 0.9723873138427734 -0.23337295651435852 0
vn 0.7213873267173767 0.6925318241119385 0
vn 0.9871054887771606 0.16007116436958313 0
vn 0.8181917071342468 0.5749455094337463 0
vn -0.8792919516563416 0.47628316283226013 0
vn -0.23337295651435852 0.9723873138427734 0
vn 0.6925318241119385 0.7213873267173767 0
vn 0.23337295651435852 0.9723873138427734 0
vn -0.6925318241119385 0.7213873267173767 0
vn -0.8792919516563416 0.47628316283226013 0
vn -0.6496830582618713 0.7602051496505737 0
vn -0.965422511100769 0.2606901228427887 0
vn -0.6793714761734009 0.7337945103645325 0
vn -0.965422511100769 -0.2606901228427887 0
vn -0.6793714761734009 -0.7337945103645325 0
vn -0.965422511100769 0.2606901228427887 0
vn -0.6793714761734009 0.7337945103645325 0
vn -0.965422511100769 -0.2606901228427887 0
vn -0.679700493812561 -0.7334897518157959 0
vn -0.9654815196990967 0.2604716122150421 0
vn -0.6793714761734009 0.7337945103645325 0
vn -0.965422511100769 -0.2606901228427887 0
vn -0.6793714761734009 -0.7337945103645325 0
vn -0.965422511100769 0.2606901228427887 0
vn -0.6793714761734009 0.7337945103645325 0
vn -0.965422511100769 -0.2606901228427887 0
vn -0.3917899429798126 -0.9200546741485596 0
vn -0.8944271802902222 -0.4472135901451111 0
vn -0.5062824487686157 -0.8623677492141724 0
vn -0.7337945103645325 -0.6793714761734009 0
vn 0.2606901228427887 -0.965422511100769 0
vn 0.7337945103645325 -0.6793714761734009 0
vn -0.2606901228427887 -0.965422511100769 0
vn -0.7337945103645325 -0.6793714761734009 0
vn 0.2606901228427887 -0.965422511100769 0
vn 0.7334897518157959 -0.679700493812561 0
vn -0.2604716122150421 -0.9654815196990967 0
vn -0.7337945103645325 -0.6793714761734009 0
vn 0.2606901228427887 -0.965422511100769 0
vn 0.7337945103645325 -0.6793714761734009 0
vn -0.2606901228427887 -0.965422511100769 0
vn -0.7337945103645325 -0.6793714761734009 0
vn 0.2606901228427887 -0.965422511100769 0
vn 0.9200546741485596 -0.3917899429798126 0
vn 0.3644680678844452 -0.9312158823013306 0
vn 0.800000011920929 -0.6000000238418579 0
vn 0.6401844024658203 -0.7682212591171265 0
vn 0.9578262567520142 0.2873478829860687 0
vn 0.6401844024658203 0.7682212591171265 0
vn 0.9578262567520142 -0.2873478829860687 0
vn 0.6401844024658203 -0.7682212591171265 0
vn 0.9578262567520142 0.2873478829860687 0
vn 0.6401844024658203 0.7682212591171265 0
vn 0.9805806875228882 0.1961161345243454 0
vn -0.6000000238418579 0.800000011920929 0
vn -0.7682212591171265 0.6401844024658203 0
vn 0.2873478829860687 0.9578262567520142 0
vn 0.7682212591171265 0.6401844024658203 0
vn -0.2873478829860687 0.9578262567520142 0
vn -0.7682212591171265 0.6401844024658203 0
vn 0.2873478829860687 0.9578262567520142 0
vn 0.7682212591171265 0.6401844024658203 0
vn 0.5299989581108093 0.847998321056366 0
vn 0.9723873138427734 0.23337295651435852 0
vn 0.7213873267173767 0.6925318241119385 0
vn 0.9723873138427734 -0.23337295651435852 0
vn 0.7213873267173767 -0.6925318241119385 0
vn 0.9723873138427734 0.23337295651435852 0
vn 0.8389613032341003 0.5441911220550537 0
vn 0.9849172830581665 0.17302601039409637 0
vn -0.4190581738948822 0.9079594016075134 0
vn -0.6925318241119385 0.7213873267173767 0
vn 0.23337295651435852 0.9723873138427734 0
vn 0.6925318241119385 0.7213873267173767 0
vn -0.23337295651435852 0.9723873138427734 0

vt 0 0 0.0
vt 6.5 0 0.0
vt 17.610000610351562 0 0.0
vt 23.610000610351562 0 0.0
vt 34.720001220703125 0 0.0
vt 40.720001220703125 0 0.0
vt 51.83000183105469 0 0.0
vt 57.83000183105469 0 0.0
vt 68.94000244140625 0 0.0
vt 74.94000244140625 0 0.0
vt 86.05999755859375 0 0.0
vt 92.05999755859375 0 0.0
vt 103.16999816894531 0 0.0
vt 109.16999816894531 0 0.0
vt 120.27999877929688 0 0.0
vt 126.27999877929688 0 0.0
vt 137.38999938964844 0 0.0
vt 143.38999938964844 0 0.0
vt 148.5 0 0.0
vt 153.61000061035156 0 0.0
vt 159.61000061035156 0 0.0
vt 170.72000122070312 0 0.0
vt 176.72000122070312 0 0.0
vt 187.8300018310547 0 0.0
vt 193.8300018310547 0 0.0
vt 204.94000244140625 0 0.0
vt 210.94000244140625 0 0.0
vt 222.05999755859375 0 0.0
vt 228.05999755859375 0 0.0
vt 239.1699981689453 0 0.0
vt 245.1699981689453 0 0.0
vt 256.2799987792969 0 0.0
vt 262.2799987792969 0 0.0
vt 273.3900146484375 0 0.0
vt 279.3900146484375 0 0.0
vt 284.5 0 0.0
vt 288.5 0 0.0
vt 294.5 0 0.0
vt 304.5 0 0.0
vt 310.5 0 0.0
vt 320.5 0 0.0
vt 326.5 0 0.0
vt 336.5 0 0.0
vt 342.5 0 0.0
vt 352.5 0 0.0
vt 356.5 0 0.0
vt 362.5 0 0.0
vt 372.5 0 0.0
vt 378.5 0 0.0
vt 388.5 0 0.0
vt 394.5 0 0.0
vt 404.5 0 0.0
vt 410.5 0 0.0
vt 420.5 0 0.0
vt 433 0 0.0
vt 439 0 0.0
vt 451.5 0 0.0
vt 457.5 0 0.0
vt 470 0 0.0
vt 476 0 0.0
vt 494.5 0 0.0
vt 501 0 0.0
vt 507 0 0.0
vt 519.5 0 0.0
vt 525.5 0 0.0
vt 538 0 0.0
vt 0 1 0.0
vt 6.5 1 0.0
vt 17.610000610351562 1 0.0
vt 23.610000610351562 1 0.0
vt 34.720001220703125 1 0.0
vt 40.720001220703125 1 0.0
vt 51.83000183105469 1 0.0
vt 57.83000183105469 1 0.0
vt 68.94000244140625 1 0.0
vt 74.94000244140625 1 0.0
vt 86.05999755859375 1 0.0
vt 92.05999755859375 1 0.0
vt 103.16999816894531 1 0.0
vt 109.16999816894531 1 0.0
vt 120.27999877929688 1 0.0
vt 126.27999877929688 1 0.0
vt 137.38999938964844 1 0.0
vt 143.38999938964844 1 0.0
vt 148.5 1 0.0
vt 153.61000061035156 1 0.0
vt 159.61000061035156 1 0.0
vt 170.72000122070312 1 0.0
vt 176.72000122070312 1 0.0
vt 187.8300018310547 1 0.0
vt 193.8300018310547 1 0.0
vt 204.94000244140625 1 0.0
vt 210.94000244140625 1 0.0
vt 222.05999755859375 1 0.0
vt 228.05999755859375 1 0.0
vt 239.1699981689453 1 0.0
vt 245.1699981689453 1 0.0
vt 256.2799987792969 1 0.0
vt 262.2799987792969 1 0.0
vt 273.3900146484375 1 0.0
vt 279.3900146484375 1 0.0
vt 284.5 1 0.0
vt 288.5 1 0.0
vt 294.5 1 0.0
vt 304.5 1 0.0
vt 310.5 1 0.0
vt 320.5 1 0.0
vt 326.5 1 0.0
vt 336.5 1 0.0
vt 342.5 1 0.0
vt 352.5 1 0.0
vt 356.5 1 0.0
vt 362.5 1 0.0
vt 372.5 1 0.0
vt 378.5 1 0.0
vt 388.5 1 0.0
vt 394.5 1 0.0
vt 404.5 1 0.0
vt 410.5 1 0.0
vt 420.5 1 0.0
vt 433 1 0.0
vt 439 1 0.0
vt 451.5 1 0.0
vt 457.5 1 0.0
vt 470 1 0.0
vt 476 1 0.0
vt 494.5 1 0.0
vt 501 1 0.0
vt 507 1 0.0
vt 519.5 1 0.0
vt 525.5 1 0.0
vt 538 1 0.0

o 3-plate-outlineSide
usemtl burnededges
f 605/605/605 671/671/671 672/672/672
f 605/605/605 672/672/672 606/606/606
f 606/606/606 672/672/672 673/673/673
f 606/606/606 673/673/673 607/607/607
f 607/607/607 673/673/673 674/674/674
f 607/607/607 674/674/674 608/608/608
f 608/608/608 674/674/674 675/675/675
f 608/608/608 675/675/675 609/609/609
f 609/609/609 675/675/675 676/676/676
f 609/609/609 676/676/676 610/610/610
f 610/610/610 676/676/676 677/677/677
f 610/610/610 677/677/677 611/611/611
f 611/611/611 677/677/677 678/678/678
f 611/611/611 678/678/678 612/612/612
f 612/612/612 678/678/678 679/679/679
f 612/612/612 679/679/679 613/613/613
f 613/613/613 679/679/679 680/680/680
f 613/613/613 680/680/680 614/614/614
f 614/614/614 680/680/680 681/681/681
f 614/614/614 681/681/681 615/615/615
f 615/615/615 681/681/681 682/682/682
f 615/615/615 682/682/682 616/616/616
f 616/616/616 682/682/682 683/683/683
f 616/616/616 683/683/683 617/617/617
f 617/617/617 683/683/683 684/684/684
f 617/617/617 684/684/684 618/618/618
f 618/618/618 684/684/684 685/685/685
f 618/618/618 685/685/685 619/619/619
f 619/619/619 685/685/685 686/686/686
f 619/619/619 686/686/686 620/620/620
f 620/620/620 686/686/686 687/687/687
f 620/620/620 687/687/687 621/621/621
f 621/621/621 687/687/687 688/688/688
f 621/621/621 688/688/688 622/622/622
f 622/622/622 688/688/688 689/689/689
f 622/622/622 689/689/689 623/623/623
f 623/623/623 689/689/689 690/690/690
f 623/623/623 690/690/690 624/624/624
f 624/624/624 690/690/690 691/691/691
f 624/624/624 691/691/691 625/625/625
f 625/625/625 691/691/691 692/692/692
f 625/625/625 692/692/692 626/626/626
f 626/626/626 692/692/692 693/693/693
f 626/626/626 693/693/693 627/627/627
f 627/627/627 693/693/693 694/694/694
f 627/627/627 694/694/694 628/628/628
f 628/628/628 694/694/694 695/695/695
f 628/628/628 695/695/695 629/629/629
f 629/629/629 695/695/695 696/696/696
f 629/629/629 696/696/696 630/630/630
f 630/630/630 696/696/696 697/697/697
f 630/630/630 697/697/697 631/631/631
f 631/631/631 697/697/697 698/698/698
f 631/631/631 698/698/698 632/632/632
f 632/632/632 698/698/698 699/699/699
f 632/632/632 699/699/699 633/633/633
f 633/633/633 699/699/699 700/700/700
f 633/633/633 700/700/700 634/634/634
f 634/634/634 700/700/700 701/701/701
f 634/634/634 701/701/701 635/635/635
f 635/635/635 701/701/701 702/702/702
f 635/635/635 702/702/702 636/636/636
f 636/636/636 702/702/702 703/703/703
f 636/636/636 703/703/703 637/637/637
f 637/637/637 703/703/703 704/704/704
f 637/637/637 704/704/704 638/638/638
f 638/638/638 704/704/704 705/705/705
f 638/638/638 705/705/705 639/639/639
f 639/639/639 705/705/705 706/706/706
f 639/639/639 706/706/706 640/640/640
f 640/640/640 706/706/706 707/707/707
f 640/640/640 707/707/707 641/641/641
f 641/641/641 707/707/707 708/708/708
f 641/641/641 708/708/708 642/642/642
f 642/642/642 708/708/708 709/709/709
f 642/642/642 709/709/709 643/643/643
f 643/643/643 709/709/709 710/710/710
f 643/643/643 710/710/710 644/644/644
f 644/644/644 710/710/710 711/711/711
f 644/644/644 711/711/711 645/645/645
f 645/645/645 711/711/711 712/712/712
f 645/645/645 712/712/712 646/646/646
f 646/646/646 712/712/712 713/713/713
f 646/646/646 713/713/713 647/647/647
f 647/647/647 713/713/713 714/714/714
f 647/647/647 714/714/714 648/648/648
f 648/648/648 714/714/714 715/715/715
f 648/648/648 715/715/715 649/649/649
f 649/649/649 715/715/715 716/716/716
f 649/649/649 716/716/716 650/650/650
f 650/650/650 716/716/716 717/717/717
f 650/650/650 717/717/717 651/651/651
f 651/651/651 717/717/717 718/718/718
f 651/651/651 718/718/718 652/652/652
f 652/652/652 718/718/718 719/719/719
f 652/652/652 719/719/719 653/653/653
f 653/653/653 719/719/719 720/720/720
f 653/653/653 720/720/720 654/654/654
f 654/654/654 720/720/720 721/721/721
f 654/654/654 721/721/721 655/655/655
f 655/655/655 721/721/721 722/722/722
f 655/655/655 722/722/722 656/656/656
f 656/656/656 722/722/722 723/723/723
f 656/656/656 723/723/723 657/657/657
f 657/657/657 723/723/723 724/724/724
f 657/657/657 724/724/724 658/658/658
f 658/658/658 724/724/724 725/725/725
f 658/658/658 725/725/725 659/659/659
f 659/659/659 725/725/725 726/726/726
f 659/659/659 726/726/726 660/660/660
f 660/660/660 726/726/726 727/727/727
f 660/660/660 727/727/727 661/661/661
f 661/661/661 727/727/727 728/728/728
f 661/661/661 728/728/728 662/662/662
f 662/662/662 728/728/728 729/729/729
f 662/662/662 729/729/729 663/663/663
f 663/663/663 729/729/729 730/730/730
f 663/663/663 730/730/730 664/664/664
f 664/664/664 730/730/730 731/731/731
f 664/664/664 731/731/731 665/665/665
f 665/665/665 731/731/731 732/732/732
f 665/665/665 732/732/732 666/666/666
f 666/666/666 732/732/732 733/733/733
f 666/666/666 733/733/733 667/667/667
f 667/667/667 733/733/733 734/734/734
f 667/667/667 734/734/734 668/668/668
f 668/668/668 734/734/734 735/735/735
f 668/668/668 735/735/735 669/669/669
f 669/669/669 735/735/735 736/736/736
f 669/669/669 736/736/736 670/670/670
f 670/670/670 736/736/736 671/671/671
f 670/670/670 671/671/671 605/605/605




o 3-plate-holeSide
usemtl burnededges

v -105.5436751731893 48.785133622300236 5.998691672252576
v -105.54359695616938 48.785155140726346 -0.0013083271990268486
v -99.83141948987893 56.993140799997946 -0.0012044251270708628
v -99.8315498515788 56.99310493595443 9.998795573958915
v -103.25885633135307 52.06831354039148 9.998733232715736
v -103.25898669305295 52.068277676347954 19.998733231801722
v -99.83168021327867 56.9930690719109 19.9987955730449
v -99.83181057497856 56.993033207867384 29.998795572130888
v -103.25911705475283 52.068241812304436 29.99873323088771
v -103.25924741645271 52.06820594826092 39.99873322997368
v -99.83194093667844 56.992997343823866 39.99879557121686
v -99.8320712983783 56.99296147978036 49.99879557030286
v -105.54424876466875 48.78497582050875 49.998691668230904
v -105.54417054764883 48.784997338934865 43.9986916687793
v -111.25634801393929 40.577011679663286 43.998587766707345
v -111.2564262309592 40.57699016123717 49.99858776615895
v -116.96860369724966 32.36900450196558 49.99848386408701
v -116.96852548022974 32.36902602039169 43.9984838646354
v -122.68070294652021 24.161040361120108 43.99837996256345
v -122.68078116354013 24.16101884269399 49.99837996201505
v -128.39295862983056 15.953033183422406 49.998276059943095
v -128.3928282681307 15.953069047465924 39.998276060857094
v -124.96552178835641 20.877860443028876 39.99833840210027
v -124.96539142665655 20.877896307072394 29.9983384030143
v -128.39269790643084 15.953104911509445 29.998276061771122
v -128.39256754473092 15.95314077555296 19.998276062685136
v -124.96526106495666 20.877932171115912 19.998338403928315
v -124.96513070325679 20.877968035159434 9.998338404842329
v -128.39243718303106 15.953176639596482 9.99827606359915
v -128.3923068213312 15.95321250364 -0.0017239354868365808
v -122.68012935504075 24.161198162911596 -0.001620033414880595
v -122.68020757206067 24.16117664448548 5.9983799660367225
v -116.96803010577021 32.369162303757065 5.9984838681086785
v -116.96795188875029 32.369183822183174 -0.0015161313429246093
v -111.25577442245984 40.57716948145476 -0.0014122292709828344
v -111.25585263947976 40.57714796302865 5.99858777018062

vn 0 0 1
vn 0 0 1
vn 0 0 1
vn 0 0 1
vn 0 0 1
vn 0 0 1
vn 0 0 1
vn 0 0 1
vn 0 0 1
vn 0 0 1
vn 0 0 1
vn 0 0 1
vn 0 0 1
vn 0 0 1
vn 0 0 1
vn 0 0 1
vn 0 0 1
vn 0 0 1
vn 0 0 1
vn 0 0 1
vn 0 0 1
vn 0 0 1
vn 0 0 1
vn 0 0 1
vn 0 0 1
vn 0 0 1
vn 0 0 1
vn 0 0 1
vn 0 0 1
vn 0 0 1
vn 0 0 1
vn 0 0 1
vn 0 0 1
vn 0 0 1
vn 0 0 1
vn 0 0 1

vt -19 -15 0.0
vt -25 -15 0.0
vt -25 -25 0.0
vt -15 -25 0.0
vt -15 -19 0.0
vt -5 -19 0.0
vt -5 -25 0.0
vt 5 -25 0.0
vt 5 -19 0.0
vt 15 -19 0.0
vt 15 -25 0.0
vt 25 -25 0.0
vt 25 -15 0.0
vt 19 -15 0.0
vt 19 -5 0.0
vt 25 -5 0.0
vt 25 5 0.0
vt 19 5 0.0
vt 19 15 0.0
vt 25 15 0.0
vt 25 25 0.0
vt 15 25 0.0
vt 15 19 0.0
vt 5 19 0.0
vt 5 25 0.0
vt -5 25 0.0
vt -5 19 0.0
vt -15 19 0.0
vt -15 25 0.0
vt -25 25 0.0
vt -25 15 0.0
vt -19 15 0.0
vt -19 5 0.0
vt -25 5 0.0
vt -25 -5 0.0
vt -19 -5 0.0

o 4-plate-frontSurface
usemtl frontSurface
f 737/737/737 738/738/738 739/739/739
f 739/739/739 740/740/740 741/741/741
f 742/742/742 743/743/743 744/744/744
f 746/746/746 747/747/747 748/748/748
f 748/748/748 749/749/749 750/750/750
f 751/751/751 752/752/752 753/753/753
f 755/755/755 756/756/756 757/757/757
f 757/757/757 758/758/758 759/759/759
f 760/760/760 761/761/761 762/762/762
f 764/764/764 765/765/765 766/766/766
f 766/766/766 767/767/767 768/768/768
f 769/769/769 770/770/770 771/771/771
f 737/737/737 739/739/739 741/741/741
f 742/742/742 744/744/744 745/745/745
f 746/746/746 748/748/748 750/750/750
f 751/751/751 753/753/753 754/754/754
f 755/755/755 757/757/757 759/759/759
f 760/760/760 762/762/762 763/763/763
f 764/764/764 766/766/766 768/768/768
f 769/769/769 771/771/771 772/772/772
f 772/772/772 737/737/737 741/741/741
f 745/745/745 746/746/746 750/750/750
f 754/754/754 755/755/755 759/759/759
f 763/763/763 764/764/764 768/768/768
f 769/769/769 772/772/772 741/741/741
f 742/742/742 745/745/745 750/750/750
f 751/751/751 754/754/754 759/759/759
f 760/760/760 763/763/763 768/768/768
f 768/768/768 769/769/769 741/741/741
f 741/741/741 742/742/742 750/750/750
f 750/750/750 751/751/751 759/759/759
f 759/759/759 760/760/760 768/768/768
f 768/768/768 741/741/741 750/750/750
f 750/750/750 759/759/759 768/768/768

v -110.4684665685257 52.21244010257395 5.998639763541647
v -110.46838835150578 52.21246162100006 -0.0013602359099422756
v -104.75621088521532 60.420447280271645 -0.0012563338379862898
v -104.7563412469152 60.42041141622813 9.998743665247986
v -108.18364772668947 55.49562002066518 9.99868132400482
v -108.18377808838935 55.49558415662165 19.99868132309082
v -104.75647160861507 60.4203755521846 19.998743664333986
v -104.75660197031496 60.420339688141084 29.998743663419972
v -108.18390845008923 55.495548292578135 29.998681322176807
v -108.18403881178911 55.49551242853462 39.99868132126278
v -104.75673233201483 60.420303824097566 39.998743662505944
v -104.7568626937147 60.42026796005406 49.99874366159193
v -110.46904016000516 52.21228230078246 49.998639759519975
v -110.46896194298525 52.21230381920858 43.998639760068386
v -116.18113940927567 44.00431815993699 43.998535857996444
v -116.18121762629559 44.00429664151088 49.99853585744803
v -121.89339509258606 35.796310982239284 49.99843195537608
v -121.89331687556614 35.7963325006654 43.99843195592449
v -127.6054943418566 27.588346841393815 43.99832805385253
v -127.60557255887652 27.588325322967698 49.99832805330412
v -133.31775002516696 19.380339663696105 49.998224151232165
v -133.3176196634671 19.380375527739623 39.99822415214618
v -129.89031318369283 24.30516692330259 39.99828649338936
v -129.89018282199294 24.305202787346108 29.998286494303386
v -133.3174893017672 19.380411391783145 29.998224153060207
v -133.31735894006732 19.38044725582666 19.99822415397422
v -129.89005246029308 24.30523865138963 19.9982864952174
v -129.88992209859322 24.305274515433148 9.9982864961314
v -133.31722857836746 19.38048311987018 9.99822415488822
v -133.3170982166676 19.3805189839137 -0.0017758441977520079
v -127.60492075037715 27.588504643185303 -0.001671942125796022
v -127.60499896739707 27.588483124759186 5.998328057325793
v -121.89282150110661 35.79646878403077 5.998431959397749
v -121.89274328408669 35.79649030245688 -0.0015680400538400363
v -116.18056581779622 44.00447596172847 -0.0014641379818840505
v -116.18064403481614 44.00445444330236 5.998535861469705

vn 0 0 -1
vn 0 0 -1
vn 0 0 -1
vn 0 0 -1
vn 0 0 -1
vn 0 0 -1
vn 0 0 -1
vn 0 0 -1
vn 0 0 -1
vn 0 0 -1
vn 0 0 -1
vn 0 0 -1
vn 0 0 -1
vn 0 0 -1
vn 0 0 -1
vn 0 0 -1
vn 0 0 -1
vn 0 0 -1
vn 0 0 -1
vn 0 0 -1
vn 0 0 -1
vn 0 0 -1
vn 0 0 -1
vn 0 0 -1
vn 0 0 -1
vn 0 0 -1
vn 0 0 -1
vn 0 0 -1
vn 0 0 -1
vn 0 0 -1
vn 0 0 -1
vn 0 0 -1
vn 0 0 -1
vn 0 0 -1
vn 0 0 -1
vn 0 0 -1

vt -19 -15 0.0
vt -25 -15 0.0
vt -25 -25 0.0
vt -15 -25 0.0
vt -15 -19 0.0
vt -5 -19 0.0
vt -5 -25 0.0
vt 5 -25 0.0
vt 5 -19 0.0
vt 15 -19 0.0
vt 15 -25 0.0
vt 25 -25 0.0
vt 25 -15 0.0
vt 19 -15 0.0
vt 19 -5 0.0
vt 25 -5 0.0
vt 25 5 0.0
vt 19 5 0.0
vt 19 15 0.0
vt 25 15 0.0
vt 25 25 0.0
vt 15 25 0.0
vt 15 19 0.0
vt 5 19 0.0
vt 5 25 0.0
vt -5 25 0.0
vt -5 19 0.0
vt -15 19 0.0
vt -15 25 0.0
vt -25 25 0.0
vt -25 15 0.0
vt -19 15 0.0
vt -19 5 0.0
vt -25 5 0.0
vt -25 -5 0.0
vt -19 -5 0.0

o 4-plate-backSurface
usemtl backSurface
f 775/775/775 774/774/774 773/773/773
f 777/777/777 776/776/776 775/775/775
f 780/780/780 779/779/779 778/778/778
f 784/784/784 783/783/783 782/782/782
f 786/786/786 785/785/785 784/784/784
f 789/789/789 788/788/788 787/787/787
f 793/793/793 792/792/792 791/791/791
f 795/795/795 794/794/794 793/793/793
f 798/798/798 797/797/797 796/796/796
f 802/802/802 801/801/801 800/800/800
f 804/804/804 803/803/803 802/802/802
f 807/807/807 806/806/806 805/805/805
f 777/777/777 775/775/775 773/773/773
f 781/781/781 780/780/780 778/778/778
f 786/786/786 784/784/784 782/782/782
f 790/790/790 789/789/789 787/787/787
f 795/795/795 793/793/793 791/791/791
f 799/799/799 798/798/798 796/796/796
f 804/804/804 802/802/802 800/800/800
f 808/808/808 807/807/807 805/805/805
f 777/777/777 773/773/773 808/808/808
f 786/786/786 782/782/782 781/781/781
f 795/795/795 791/791/791 790/790/790
f 804/804/804 800/800/800 799/799/799
f 777/777/777 808/808/808 805/805/805
f 786/786/786 781/781/781 778/778/778
f 795/795/795 790/790/790 787/787/787
f 804/804/804 799/799/799 796/796/796
f 777/777/777 805/805/805 804/804/804
f 786/786/786 778/778/778 777/777/777
f 795/795/795 787/787/787 786/786/786
f 804/804/804 796/796/796 795/795/795
f 786/786/786 777/777/777 804/804/804
f 804/804/804 795/795/795 786/786/786

v -105.5436751731893 48.785133622300236 5.998691672252576
v -105.54359695616938 48.785155140726346 -0.0013083271990268486
v -99.83141948987893 56.993140799997946 -0.0012044251270708628
v -99.8315498515788 56.99310493595443 9.998795573958915
v -103.25885633135307 52.06831354039148 9.998733232715736
v -103.25898669305295 52.068277676347954 19.998733231801722
v -99.83168021327867 56.9930690719109 19.9987955730449
v -99.83181057497856 56.993033207867384 29.998795572130888
v -103.25911705475283 52.068241812304436 29.99873323088771
v -103.25924741645271 52.06820594826092 39.99873322997368
v -99.83194093667844 56.992997343823866 39.99879557121686
v -99.8320712983783 56.99296147978036 49.99879557030286
v -105.54424876466875 48.78497582050875 49.998691668230904
v -105.54417054764883 48.784997338934865 43.9986916687793
v -111.25634801393929 40.577011679663286 43.998587766707345
v -111.2564262309592 40.57699016123717 49.99858776615895
v -116.96860369724966 32.36900450196558 49.99848386408701
v -116.96852548022974 32.36902602039169 43.9984838646354
v -122.68070294652021 24.161040361120108 43.99837996256345
v -122.68078116354013 24.16101884269399 49.99837996201505
v -128.39295862983056 15.953033183422406 49.998276059943095
v -128.3928282681307 15.953069047465924 39.998276060857094
v -124.96552178835641 20.877860443028876 39.99833840210027
v -124.96539142665655 20.877896307072394 29.9983384030143
v -128.39269790643084 15.953104911509445 29.998276061771122
v -128.39256754473092 15.95314077555296 19.998276062685136
v -124.96526106495666 20.877932171115912 19.998338403928315
v -124.96513070325679 20.877968035159434 9.998338404842329
v -128.39243718303106 15.953176639596482 9.99827606359915
v -128.3923068213312 15.95321250364 -0.0017239354868365808
v -122.68012935504075 24.161198162911596 -0.001620033414880595
v -122.68020757206067 24.16117664448548 5.9983799660367225
v -116.96803010577021 32.369162303757065 5.9984838681086785
v -116.96795188875029 32.369183822183174 -0.0015161313429246093
v -111.25577442245984 40.57716948145476 -0.0014122292709828344
v -111.25585263947976 40.57714796302865 5.99858777018062
v -110.4684665685257 52.21244010257395 5.998639763541647
v -110.46838835150578 52.21246162100006 -0.0013602359099422756
v -104.75621088521532 60.420447280271645 -0.0012563338379862898
v -104.7563412469152 60.42041141622813 9.998743665247986
v -108.18364772668947 55.49562002066518 9.99868132400482
v -108.18377808838935 55.49558415662165 19.99868132309082
v -104.75647160861507 60.4203755521846 19.998743664333986
v -104.75660197031496 60.420339688141084 29.998743663419972
v -108.18390845008923 55.495548292578135 29.998681322176807
v -108.18403881178911 55.49551242853462 39.99868132126278
v -104.75673233201483 60.420303824097566 39.998743662505944
v -104.7568626937147 60.42026796005406 49.99874366159193
v -110.46904016000516 52.21228230078246 49.998639759519975
v -110.46896194298525 52.21230381920858 43.998639760068386
v -116.18113940927567 44.00431815993699 43.998535857996444
v -116.18121762629559 44.00429664151088 49.99853585744803
v -121.89339509258606 35.796310982239284 49.99843195537608
v -121.89331687556614 35.7963325006654 43.99843195592449
v -127.6054943418566 27.588346841393815 43.99832805385253
v -127.60557255887652 27.588325322967698 49.99832805330412
v -133.31775002516696 19.380339663696105 49.998224151232165
v -133.3176196634671 19.380375527739623 39.99822415214618
v -129.89031318369283 24.30516692330259 39.99828649338936
v -129.89018282199294 24.305202787346108 29.998286494303386
v -133.3174893017672 19.380411391783145 29.998224153060207
v -133.31735894006732 19.38044725582666 19.99822415397422
v -129.89005246029308 24.30523865138963 19.9982864952174
v -129.88992209859322 24.305274515433148 9.9982864961314
v -133.31722857836746 19.38048311987018 9.99822415488822
v -133.3170982166676 19.3805189839137 -0.0017758441977520079
v -127.60492075037715 27.588504643185303 -0.001671942125796022
v -127.60499896739707 27.588483124759186 5.998328057325793
v -121.89282150110661 35.79646878403077 5.998431959397749
v -121.89274328408669 35.79649030245688 -0.0015680400538400363
v -116.18056581779622 44.00447596172847 -0.0014641379818840505
v -116.18064403481614 44.00445444330236 5.998535861469705

vn -0.6401844024658203 0.7682212591171265 0
vn -0.9578262567520142 0.2873478829860687 0
vn -0.4472135901451111 -0.8944271802902222 0
vn 0.7682212591171265 -0.6401844024658203 0
vn 0.2873478829860687 -0.9578262567520142 0
vn -0.7682212591171265 -0.6401844024658203 0
vn -0.2873478829860687 -0.9578262567520142 0
vn 0.7682212591171265 -0.6401844024658203 0
vn 0.2873478829860687 -0.9578262567520142 0
vn -0.7682212591171265 -0.6401844024658203 0
vn -0.2873478829860687 -0.9578262567520142 0
vn 0.8944271802902222 -0.4472135901451111 0
vn 0.6401844024658203 0.7682212591171265 0
vn 0.9578262567520142 0.2873478829860687 0
vn 0.6401844024658203 -0.7682212591171265 0
vn 0.9578262567520142 -0.2873478829860687 0
vn 0.6401844024658203 0.7682212591171265 0
vn 0.9578262567520142 0.2873478829860687 0
vn 0.6401844024658203 -0.7682212591171265 0
vn 0.9578262567520142 -0.2873478829860687 0
vn 0.4472135901451111 0.8944271802902222 0
vn -0.7682212591171265 0.6401844024658203 0
vn -0.2873478829860687 0.9578262567520142 0
vn 0.7682212591171265 0.6401844024658203 0
vn 0.2873478829860687 0.9578262567520142 0
vn -0.7682212591171265 0.6401844024658203 0
vn -0.2873478829860687 0.9578262567520142 0
vn 0.7682212591171265 0.6401844024658203 0
vn 0.2873478829860687 0.9578262567520142 0
vn -0.8944271802902222 0.4472135901451111 0
vn -0.6401844024658203 -0.7682212591171265 0
vn -0.9578262567520142 -0.2873478829860687 0
vn -0.6401844024658203 0.7682212591171265 0
vn -0.9578262567520142 0.2873478829860687 0
vn -0.6401844024658203 -0.7682212591171265 0
vn -0.9578262567520142 -0.2873478829860687 0
vn -0.9578262567520142 0.2873478829860687 0
vn -0.6401844024658203 0.7682212591171265 0
vn -0.8944271802902222 -0.4472135901451111 0
vn 0.2873478829860687 -0.9578262567520142 0
vn 0.7682212591171265 -0.6401844024658203 0
vn -0.2873478829860687 -0.9578262567520142 0
vn -0.7682212591171265 -0.6401844024658203 0
vn 0.2873478829860687 -0.9578262567520142 0
vn 0.7682212591171265 -0.6401844024658203 0
vn -0.2873478829860687 -0.9578262567520142 0
vn -0.7682212591171265 -0.6401844024658203 0
vn 0.4472135901451111 -0.8944271802902222 0
vn 0.9578262567520142 0.2873478829860687 0
vn 0.6401844024658203 0.7682212591171265 0
vn 0.9578262567520142 -0.2873478829860687 0
vn 0.6401844024658203 -0.7682212591171265 0
vn 0.9578262567520142 0.2873478829860687 0
vn 0.6401844024658203 0.7682212591171265 0
vn 0.9578262567520142 -0.2873478829860687 0
vn 0.6401844024658203 -0.7682212591171265 0
vn 0.8944271802902222 0.4472135901451111 0
vn -0.2873478829860687 0.9578262567520142 0
vn -0.7682212591171265 0.6401844024658203 0
vn 0.2873478829860687 0.9578262567520142 0
vn 0.7682212591171265 0.6401844024658203 0
vn -0.2873478829860687 0.9578262567520142 0
vn -0.7682212591171265 0.6401844024658203 0
vn 0.2873478829860687 0.9578262567520142 0
vn 0.7682212591171265 0.6401844024658203 0
vn -0.4472135901451111 0.8944271802902222 0
vn -0.9578262567520142 -0.2873478829860687 0
vn -0.6401844024658203 -0.7682212591171265 0
vn -0.9578262567520142 0.2873478829860687 0
vn -0.6401844024658203 0.7682212591171265 0
vn -0.9578262567520142 -0.2873478829860687 0
vn -0.6401844024658203 -0.7682212591171265 0

vt 0 0 0.0
vt 6 0 0.0
vt 16 0 0.0
vt 26 0 0.0
vt 32 0 0.0
vt 42 0 0.0
vt 48 0 0.0
vt 58 0 0.0
vt 64 0 0.0
vt 74 0 0.0
vt 80 0 0.0
vt 90 0 0.0
vt 100 0 0.0
vt 106 0 0.0
vt 116 0 0.0
vt 122 0 0.0
vt 132 0 0.0
vt 138 0 0.0
vt 148 0 0.0
vt 154 0 0.0
vt 164 0 0.0
vt 174 0 0.0
vt 180 0 0.0
vt 190 0 0.0
vt 196 0 0.0
vt 206 0 0.0
vt 212 0 0.0
vt 222 0 0.0
vt 228 0 0.0
vt 238 0 0.0
vt 248 0 0.0
vt 254 0 0.0
vt 264 0 0.0
vt 270 0 0.0
vt 280 0 0.0
vt 286 0 0.0
vt 0 1 0.0
vt 6 1 0.0
vt 16 1 0.0
vt 26 1 0.0
vt 32 1 0.0
vt 42 1 0.0
vt 48 1 0.0
vt 58 1 0.0
vt 64 1 0.0
vt 74 1 0.0
vt 80 1 0.0
vt 90 1 0.0
vt 100 1 0.0
vt 106 1 0.0
vt 116 1 0.0
vt 122 1 0.0
vt 132 1 0.0
vt 138 1 0.0
vt 148 1 0.0
vt 154 1 0.0
vt 164 1 0.0
vt 174 1 0.0
vt 180 1 0.0
vt 190 1 0.0
vt 196 1 0.0
vt 206 1 0.0
vt 212 1 0.0
vt 222 1 0.0
vt 228 1 0.0
vt 238 1 0.0
vt 248 1 0.0
vt 254 1 0.0
vt 264 1 0.0
vt 270 1 0.0
vt 280 1 0.0
vt 286 1 0.0

o 4-plate-outlineSide
usemtl burnededges
f 809/809/809 845/845/845 846/846/846
f 809/809/809 846/846/846 810/810/810
f 810/810/810 846/846/846 847/847/847
f 810/810/810 847/847/847 811/811/811
f 811/811/811 847/847/847 848/848/848
f 811/811/811 848/848/848 812/812/812
f 812/812/812 848/848/848 849/849/849
f 812/812/812 849/849/849 813/813/813
f 813/813/813 849/849/849 850/850/850
f 813/813/813 850/850/850 814/814/814
f 814/814/814 850/850/850 851/851/851
f 814/814/814 851/851/851 815/815/815
f 815/815/815 851/851/851 852/852/852
f 815/815/815 852/852/852 816/816/816
f 816/816/816 852/852/852 853/853/853
f 816/816/816 853/853/853 817/817/817
f 817/817/817 853/853/853 854/854/854
f 817/817/817 854/854/854 818/818/818
f 818/818/818 854/854/854 855/855/855
f 818/818/818 855/855/855 819/819/819
f 819/819/819 855/855/855 856/856/856
f 819/819/819 856/856/856 820/820/820
f 820/820/820 856/856/856 857/857/857
f 820/820/820 857/857/857 821/821/821
f 821/821/821 857/857/857 858/858/858
f 821/821/821 858/858/858 822/822/822
f 822/822/822 858/858/858 859/859/859
f 822/822/822 859/859/859 823/823/823
f 823/823/823 859/859/859 860/860/860
f 823/823/823 860/860/860 824/824/824
f 824/824/824 860/860/860 861/861/861
f 824/824/824 861/861/861 825/825/825
f 825/825/825 861/861/861 862/862/862
f 825/825/825 862/862/862 826/826/826
f 826/826/826 862/862/862 863/863/863
f 826/826/826 863/863/863 827/827/827
f 827/827/827 863/863/863 864/864/864
f 827/827/827 864/864/864 828/828/828
f 828/828/828 864/864/864 865/865/865
f 828/828/828 865/865/865 829/829/829
f 829/829/829 865/865/865 866/866/866
f 829/829/829 866/866/866 830/830/830
f 830/830/830 866/866/866 867/867/867
f 830/830/830 867/867/867 831/831/831
f 831/831/831 867/867/867 868/868/868
f 831/831/831 868/868/868 832/832/832
f 832/832/832 868/868/868 869/869/869
f 832/832/832 869/869/869 833/833/833
f 833/833/833 869/869/869 870/870/870
f 833/833/833 870/870/870 834/834/834
f 834/834/834 870/870/870 871/871/871
f 834/834/834 871/871/871 835/835/835
f 835/835/835 871/871/871 872/872/872
f 835/835/835 872/872/872 836/836/836
f 836/836/836 872/872/872 873/873/873
f 836/836/836 873/873/873 837/837/837
f 837/837/837 873/873/873 874/874/874
f 837/837/837 874/874/874 838/838/838
f 838/838/838 874/874/874 875/875/875
f 838/838/838 875/875/875 839/839/839
f 839/839/839 875/875/875 876/876/876
f 839/839/839 876/876/876 840/840/840
f 840/840/840 876/876/876 877/877/877
f 840/840/840 877/877/877 841/841/841
f 841/841/841 877/877/877 878/878/878
f 841/841/841 878/878/878 842/842/842
f 842/842/842 878/878/878 879/879/879
f 842/842/842 879/879/879 843/843/843
f 843/843/843 879/879/879 880/880/880
f 843/843/843 880/880/880 844/844/844
f 844/844/844 880/880/880 845/845/845
f 844/844/844 845/845/845 809/809/809




o 4-plate-holeSide
usemtl burnededges

v -189.05345338061008 103.85439542453587 150.0011320406692
v -189.05337516359018 103.85441694296198 144.00113204121763
v -181.91315333072708 114.11439901705145 144.00126191880756
v -181.91308111038316 114.11441888572116 138.46126481848384
v -185.34038759015743 109.1896274901582 138.46120247724068
v -185.34023715274384 109.1896688772677 126.9212015627681
v -181.91293067296957 114.11446027283067 126.92126390401127
v -181.91278023555597 114.11450165994019 115.38126298953871
v -185.34008671533024 109.18971026437723 115.38120064829555
v -185.33993627794152 109.1897516514799 103.84120164117161
v -181.91262979816725 114.11454304704286 103.84126398241477
v -181.91247936076607 114.11458443414894 92.30126402161653
v -185.33978584054034 109.18979303858598 92.30120168037335
v -185.33963553349764 109.18983438982892 80.77120147161887
v -181.91232905372337 114.11462578539188 80.77126381286203
v -181.912178616316 114.11466717249968 69.23126337522662
v -185.33948509609027 109.18987577693672 69.23120103398344
v -185.33933465870155 109.18991716403937 57.6912020268595
v -181.91202817892727 114.11470855960233 57.69126436810268
v -181.91187774151368 114.11474994671185 46.15126345363011
v -185.33918422128795 109.18995855114889 46.15120111238693
v -185.33903378387436 109.1899999382584 34.61120019791437
v -181.91172730410008 114.11479133382136 34.61126253915755
v -181.91157686673623 114.11483272091719 23.071265439382245
v -185.3388833465105 109.19004132535423 23.071203098139065
v -185.3387330394367 109.19008267660571 11.541200505198788
v -181.91142655966243 114.11487407216867 11.541262846441967
v -181.91127612224884 114.11491545927818 0.0012619319693953912
v -187.6234535885393 105.90692980000658 0.0011580298974394054
v -187.62353180555922 105.90690828158047 6.001158029349028
v -193.33570927184968 97.6989226223089 6.001054127277072
v -193.33563105482975 97.69894414073502 0.0010541278254834197
v -199.0478085211202 89.49095848146342 0.0009502257535416447
v -199.04788673814014 89.49093696303731 6.0009502252051306
v -204.7600642044306 81.28295130376571 6.000846323133175
v -204.75998598741066 81.28297282219184 0.000846323681585659
v -210.4721634537011 73.07498716292025 0.0007424216096296732
v -210.47230828555763 73.07494731796572 11.110743030945713
v -207.04500180578336 77.99973871352867 11.110805372188892
v -207.0451466376399 77.99969886857411 22.22080598152499
v -210.47245311741418 73.07490747301117 22.22074364028181
v -210.4725979492707 73.07486762805664 33.330744249617894
v -207.04529146949642 77.99965902361959 33.33080659086107
v -207.04543630135294 77.99961917866503 44.440807200197185
v -210.4727427811272 73.07482778310208 44.440744858954005
v -210.47288761295886 73.07478793815439 55.550743560941456
v -207.04558113318458 77.99957933371734 55.550805902184635
v -207.0457259650411 77.99953948876279 66.66080651152072
v -210.47303244481537 73.07474809319984 66.66074417027755
v -210.4731772766657 73.07470824824702 77.77074430277648
v -207.04587079689142 77.99949964380997 77.77080664401966
v -207.0460157591002 77.99945976299398 88.89080652856235
v -210.47332223887446 73.07466836743103 88.89074418731917
v -210.47346707072478 73.07462852247819 100.00074431981811
v -217.61368890358784 62.814646448388714 100.00061444222817
v -217.61376712060778 62.81462492996259 106.00061444167977
v -224.75398895347084 52.55464285587311 106.00048456408983
v -224.7539107364509 52.55466437429922 100.00048456463824
v -231.89413256931397 42.29468230020975 100.0003546870483
v -231.8942107863339 42.294660781783634 106.00035468649989
v -235.6071261394227 36.959470103257104 106.00028715015313
v -235.60717828410264 36.959455757639695 110.00028714978752
v -239.03448476387692 32.03466436207674 110.00022480854435
v -239.03461512555194 32.034628498040064 120.0002229002817
v -235.60730864577766 36.95941989360301 120.00028524152486
v -235.60743900747752 36.959384029559494 130.00028524061085
v -239.03474548725183 32.03459263399654 130.00022289936769
v -239.03487584895169 32.034556769953014 140.00022289845367
v -235.6075693691774 36.95934816551597 140.00028523969684
v -235.6076997308773 36.959312301472444 150.00028523878282
v -231.8947843777885 42.294502979998974 150.00035277512958
v -231.89470616076858 42.29452449842509 144.00035277567798
v -224.75448432790552 52.55450657251457 144.00048265326794
v -224.75456254492542 52.55448505408845 150.0004826527195
v -217.61434071206236 62.81446712817794 150.00061253030947
v -217.61426249504245 62.81448864660405 144.00061253085786
v -210.47404066217936 73.07447072069354 144.00074240844782
v -210.4741188791993 73.07444920226742 150.0007424078994
v -203.33389704633623 83.3344312763569 150.00087228548935
v -203.3338188293163 83.334452794783 144.00087228603775
v -196.19359699645324 93.5944348688725 144.00100216362767
v -196.19367521347317 93.59441335044639 150.00100216307928

vn 0 0 1
vn 0 0 1
vn 0 0 1
vn 0 0 1
vn 0 0 1
vn 0 0 1
vn 0 0 1
vn 0 0 1
vn 0 0 1
vn 0 0 1
vn 0 0 1
vn 0 0 1
vn 0 0 1
vn 0 0 1
vn 0 0 1
vn 0 0 1
vn 0 0 1
vn 0 0 1
vn 0 0 1
vn 0 0 1
vn 0 0 1
vn 0 0 1
vn 0 0 1
vn 0 0 1
vn 0 0 1
vn 0 0 1
vn 0 0 1
vn 0 0 1
vn 0 0 1
vn 0 0 1
vn 0 0 1
vn 0 0 1
vn 0 0 1
vn 0 0 1
vn 0 0 1
vn 0 0 1
vn 0 0 1
vn 0 0 1
vn 0 0 1
vn 0 0 1
vn 0 0 1
vn 0 0 1
vn 0 0 1
vn 0 0 1
vn 0 0 1
vn 0 0 1
vn 0 0 1
vn 0 0 1
vn 0 0 1
vn 0 0 1
vn 0 0 1
vn 0 0 1
vn 0 0 1
vn 0 0 1
vn 0 0 1
vn 0 0 1
vn 0 0 1
vn 0 0 1
vn 0 0 1
vn 0 0 1
vn 0 0 1
vn 0 0 1
vn 0 0 1
vn 0 0 1
vn 0 0 1
vn 0 0 1
vn 0 0 1
vn 0 0 1
vn 0 0 1
vn 0 0 1
vn 0 0 1
vn 0 0 1
vn 0 0 1
vn 0 0 1
vn 0 0 1
vn 0 0 1
vn 0 0 1
vn 0 0 1
vn 0 0 1
vn 0 0 1
vn 0 0 1
vn 0 0 1

vt -25.003334045410156 -62.5 0.0
vt -19.003334045410156 -62.5 0.0
vt -19.003334045410156 -75 0.0
vt -13.463333129882812 -75 0.0
vt -13.463333129882812 -69 0.0
vt -1.9233332872390747 -69 0.0
vt -1.9233332872390747 -75 0.0
vt 9.616666793823242 -75 0.0
vt 9.616666793823242 -69 0.0
vt 21.156665802001953 -69 0.0
vt 21.156665802001953 -75 0.0
vt 32.6966667175293 -75 0.0
vt 32.6966667175293 -69 0.0
vt 44.22666549682617 -69 0.0
vt 44.22666549682617 -75 0.0
vt 55.766666412353516 -75 0.0
vt 55.766666412353516 -69 0.0
vt 67.3066635131836 -69 0.0
vt 67.3066635131836 -75 0.0
vt 78.84666442871094 -75 0.0
vt 78.84666442871094 -69 0.0
vt 90.38666534423828 -69 0.0
vt 90.38666534423828 -75 0.0
vt 101.92666625976562 -75 0.0
vt 101.92666625976562 -69 0.0
vt 113.4566650390625 -69 0.0
vt 113.4566650390625 -75 0.0
vt 124.99666595458984 -75 0.0
vt 124.99666595458984 -65 0.0
vt 118.99666595458984 -65 0.0
vt 118.99666595458984 -55 0.0
vt 124.99666595458984 -55 0.0
vt 124.99666595458984 -45 0.0
vt 118.99666595458984 -45 0.0
vt 118.99666595458984 -35 0.0
vt 124.99666595458984 -35 0.0
vt 124.99666595458984 -25 0.0
vt 113.88666534423828 -25 0.0
vt 113.88666534423828 -31 0.0
vt 102.77666473388672 -31 0.0
vt 102.77666473388672 -25 0.0
vt 91.66666412353516 -25 0.0
vt 91.66666412353516 -31 0.0
vt 80.5566635131836 -31 0.0
vt 80.5566635131836 -25 0.0
vt 69.44666290283203 -25 0.0
vt 69.44666290283203 -31 0.0
vt 58.336666107177734 -31 0.0
vt 58.336666107177734 -25 0.0
vt 47.22666549682617 -25 0.0
vt 47.22666549682617 -31 0.0
vt 36.106666564941406 -31 0.0
vt 36.106666564941406 -25 0.0
vt 24.996665954589844 -25 0.0
vt 24.996665954589844 -12.5 0.0
vt 18.996665954589844 -12.5 0.0
vt 18.996665954589844 -3.197442310920451e-14 0.0
vt 24.996665954589844 -3.197442310920451e-14 0.0
vt 24.996665954589844 12.5 0.0
vt 18.996665954589844 12.5 0.0
vt 18.996665954589844 19 0.0
vt 14.99666690826416 19 0.0
vt 14.99666690826416 25 0.0
vt 4.996666431427002 25 0.0
vt 4.996666431427002 19 0.0
vt -5.003333568572998 19 0.0
vt -5.003333568572998 25 0.0
vt -15.00333309173584 25 0.0
vt -15.00333309173584 19 0.0
vt -25.003334045410156 19 0.0
vt -25.003334045410156 12.5 0.0
vt -19.003334045410156 12.5 0.0
vt -19.003334045410156 -3.197442310920451e-14 0.0
vt -25.003334045410156 -3.197442310920451e-14 0.0
vt -25.003334045410156 -12.5 0.0
vt -19.003334045410156 -12.5 0.0
vt -19.003334045410156 -25 0.0
vt -25.003334045410156 -25 0.0
vt -25.003334045410156 -37.5 0.0
vt -19.003334045410156 -37.5 0.0
vt -19.003334045410156 -50 0.0
vt -25.003334045410156 -50 0.0

o 5-plate-frontSurface
usemtl frontSurface
f 961/961/961 962/962/962 881/881/881
f 882/882/882 883/883/883 884/884/884
f 886/886/886 887/887/887 888/888/888
f 890/890/890 891/891/891 892/892/892
f 894/894/894 895/895/895 896/896/896
f 898/898/898 899/899/899 900/900/900
f 902/902/902 903/903/903 904/904/904
f 906/906/906 907/907/907 908/908/908
f 908/908/908 909/909/909 910/910/910
f 911/911/911 912/912/912 913/913/913
f 915/915/915 916/916/916 917/917/917
f 917/917/917 918/918/918 919/919/919
f 920/920/920 921/921/921 922/922/922
f 924/924/924 925/925/925 926/926/926
f 928/928/928 929/929/929 930/930/930
f 932/932/932 933/933/933 934/934/934
f 934/934/934 935/935/935 936/936/936
f 937/937/937 938/938/938 939/939/939
f 940/940/940 941/941/941 942/942/942
f 942/942/942 943/943/943 944/944/944
f 946/946/946 947/947/947 948/948/948
f 949/949/949 950/950/950 951/951/951
f 953/953/953 954/954/954 955/955/955
f 957/957/957 958/958/958 959/959/959
f 961/961/961 881/881/881 882/882/882
f 882/882/882 884/884/884 885/885/885
f 886/886/886 888/888/888 889/889/889
f 890/890/890 892/892/892 893/893/893
f 894/894/894 896/896/896 897/897/897
f 898/898/898 900/900/900 901/901/901
f 902/902/902 904/904/904 905/905/905
f 906/906/906 908/908/908 910/910/910
f 911/911/911 913/913/913 914/914/914
f 915/915/915 917/917/917 919/919/919
f 920/920/920 922/922/922 923/923/923
f 924/924/924 926/926/926 927/927/927
f 928/928/928 930/930/930 931/931/931
f 937/937/937 939/939/939 940/940/940
f 940/940/940 942/942/942 944/944/944
f 946/946/946 948/948/948 949/949/949
f 949/949/949 951/951/951 952/952/952
f 953/953/953 955/955/955 956/956/956
f 957/957/957 959/959/959 960/960/960
f 961/961/961 882/882/882 885/885/885
f 905/905/905 906/906/906 910/910/910
f 914/914/914 915/915/915 919/919/919
f 937/937/937 940/940/940 944/944/944
f 946/946/946 949/949/949 952/952/952
f 960/960/960 961/961/961 885/885/885
f 902/902/902 905/905/905 910/910/910
f 911/911/911 914/914/914 919/919/919
f 936/936/936 937/937/937 944/944/944
f 945/945/945 946/946/946 952/952/952
f 957/957/957 960/960/960 885/885/885
f 901/901/901 902/902/902 910/910/910
f 910/910/910 911/911/911 919/919/919
f 936/936/936 944/944/944 945/945/945
f 945/945/945 952/952/952 953/953/953
f 956/956/956 957/957/957 885/885/885
f 898/898/898 901/901/901 910/910/910
f 910/910/910 919/919/919 920/920/920
f 936/936/936 945/945/945 953/953/953
f 953/953/953 956/956/956 885/885/885
f 897/897/897 898/898/898 910/910/910
f 910/910/910 920/920/920 923/923/923
f 934/934/934 936/936/936 953/953/953
f 953/953/953 885/885/885 886/886/886
f 894/894/894 897/897/897 910/910/910
f 910/910/910 923/923/923 924/924/924
f 934/934/934 953/953/953 886/886/886
f 893/893/893 894/894/894 910/910/910
f 910/910/910 924/924/924 927/927/927
f 932/932/932 934/934/934 886/886/886
f 890/890/890 893/893/893 910/910/910
f 910/910/910 927/927/927 928/928/928
f 931/931/931 932/932/932 886/886/886
f 889/889/889 890/890/890 910/910/910
f 910/910/910 928/928/928 931/931/931
f 931/931/931 886/886/886 889/889/889
f 889/889/889 910/910/910 931/931/931

v -184.1286619852737 100.42708894426215 150.0011839493801
v -184.12858376825378 100.42711046268828 144.00118394992853
v -176.98836193539069 110.68709253677775 144.00131382751846
v -176.98828971504676 110.68711240544746 138.46131672719477
v -180.41559619482103 105.7623210098845 138.4612543859516
v -180.41544575740744 105.762362396994 126.92125347147902
v -176.98813927763317 110.68715379255697 126.92131581272218
v -176.98798884021957 110.68719517966649 115.38131489824961
v -180.41529531999385 105.76240378410353 115.38125255700646
v -180.41514488260512 105.7624451712062 103.84125354988251
v -176.98783840283085 110.68723656676916 103.84131589112569
v -176.98768796542967 110.68727795387524 92.30131593032743
v -180.41499444520394 105.76248655831228 92.30125358908427
v -180.41484413816127 105.76252790955522 80.77125338032977
v -176.98753765838697 110.68731930511818 80.77131572157293
v -176.9873872209796 110.68736069222598 69.23131528393753
v -180.41469370075387 105.76256929666302 69.23125294269435
v -180.41454326336515 105.76261068376567 57.691253935570415
v -176.98723678359087 110.68740207932863 57.691316276813595
v -176.98708634617728 110.68744346643815 46.15131536234102
v -180.41439282595155 105.76265207087519 46.151253021097844
v -180.41424238853796 105.7626934579847 34.61125210662529
v -176.98693590876368 110.68748485354766 34.611314447868466
v -176.98678547139983 110.68752624064349 23.07131734809316
v -180.4140919511741 105.76273484508053 23.07125500684998
v -180.41394164410033 105.76277619633201 11.541252413909703
v -176.98663516432603 110.68756759189498 11.541314755152882
v -176.98648472691244 110.68760897900448 0.0013138406803108182
v -182.69866219320292 102.47962331973288 0.0012099386083548325
v -182.69874041022283 102.47960180130677 6.001209938059944
v -188.41091787651328 94.2716161420352 6.001106035987988
v -188.41083965949338 94.27163766046132 0.0011060365363988467
v -194.1230171257838 86.06365200118972 0.001002134464442861
v -194.12309534280374 86.0636304827636 6.001002133916032
v -199.8352728090942 77.85564482349201 6.00089823184409
v -199.83519459207426 77.85566634191814 0.000898232392501086
v -205.54737205836472 69.64768068264655 0.0007943303205451002
v -205.54751689022126 69.64764083769201 11.110794939656628
v -202.120210410447 74.57243223325496 11.110857280899793
v -202.1203552423035 74.57239238830041 22.22085789023589
v -205.54766172207778 69.64760099273747 22.220795548992726
v -205.5478065539343 69.64756114778292 33.33079615832881
v -202.12050007416002 74.57235254334587 33.330858499571974
v -202.12064490601654 74.57231269839133 44.440859108908086
v -205.5479513857908 69.64752130282838 44.44079676766492
v -205.54809621762246 69.64748145788069 55.55079546965237
v -202.12078973784818 74.57227285344362 55.550857810895536
v -202.12093456970473 74.57223300848909 66.66085842023163
v -205.548241049479 69.64744161292614 66.66079607898845
v -205.5483858813293 69.6474017679733 77.77079621148741
v -202.12107940155502 74.57219316353626 77.77085855273057
v -202.1212243637638 74.57215328272027 88.89085843727327
v -205.54853084353806 69.64736188715732 88.8907960960301
v -205.54867567538838 69.6473220422045 100.00079622852903
v -212.68889750825144 59.38733996811501 100.00066635093908
v -212.68897572527138 59.38731844968889 106.00066635039067
v -219.82919755813444 49.12733637559941 106.00053647280075
v -219.8291193411145 49.12735789402552 100.00053647334914
v -226.96934117397757 38.86737581993605 100.00040659575922
v -226.9694193909975 38.867354301509934 106.00040659521079
v -230.6823347440863 33.532163622983404 106.00033905886403
v -230.68238688876625 33.532149277365995 110.00033905849843
v -234.10969336854055 28.60735788180304 110.00027671725526
v -234.10982373021554 28.607322017766357 120.00027480899261
v -230.68251725044126 33.53211341332931 120.00033715023578
v -230.68264761214115 33.532077549285795 130.00033714932175
v -234.10995409191543 28.607286153722836 130.0002748080786
v -234.11008445361531 28.607250289679314 140.00027480716457
v -230.68277797384104 33.53204168524227 140.00033714840774
v -230.6829083355409 33.532005821198744 150.00033714749372
v -226.9699929824521 38.867196499725274 150.00040468384051
v -226.96991476543218 38.86721801815139 144.0004046843889
v -219.82969293256912 49.12720009224087 144.00053456197884
v -219.82977114958905 49.12717857381475 150.00053456143044
v -212.68954931672596 59.38716064790424 150.00066443902037
v -212.68947109970605 59.38718216633035 144.0006644395688
v -205.54924926684296 69.64716424041983 144.00079431715872
v -205.5493274838629 69.64714272199372 150.00079431661032
v -198.40910565099983 79.9071247960832 150.00092419420025
v -198.4090274339799 79.9071463145093 144.00092419474868
v -191.26880560111684 90.1671283885988 144.0010540723386
v -191.26888381813677 90.16710687017267 150.00105407179018

vn 0 0 -1
vn 0 0 -1
vn 0 0 -1
vn 0 0 -1
vn 0 0 -1
vn 0 0 -1
vn 0 0 -1
vn 0 0 -1
vn 0 0 -1
vn 0 0 -1
vn 0 0 -1
vn 0 0 -1
vn 0 0 -1
vn 0 0 -1
vn 0 0 -1
vn 0 0 -1
vn 0 0 -1
vn 0 0 -1
vn 0 0 -1
vn 0 0 -1
vn 0 0 -1
vn 0 0 -1
vn 0 0 -1
vn 0 0 -1
vn 0 0 -1
vn 0 0 -1
vn 0 0 -1
vn 0 0 -1
vn 0 0 -1
vn 0 0 -1
vn 0 0 -1
vn 0 0 -1
vn 0 0 -1
vn 0 0 -1
vn 0 0 -1
vn 0 0 -1
vn 0 0 -1
vn 0 0 -1
vn 0 0 -1
vn 0 0 -1
vn 0 0 -1
vn 0 0 -1
vn 0 0 -1
vn 0 0 -1
vn 0 0 -1
vn 0 0 -1
vn 0 0 -1
vn 0 0 -1
vn 0 0 -1
vn 0 0 -1
vn 0 0 -1
vn 0 0 -1
vn 0 0 -1
vn 0 0 -1
vn 0 0 -1
vn 0 0 -1
vn 0 0 -1
vn 0 0 -1
vn 0 0 -1
vn 0 0 -1
vn 0 0 -1
vn 0 0 -1
vn 0 0 -1
vn 0 0 -1
vn 0 0 -1
vn 0 0 -1
vn 0 0 -1
vn 0 0 -1
vn 0 0 -1
vn 0 0 -1
vn 0 0 -1
vn 0 0 -1
vn 0 0 -1
vn 0 0 -1
vn 0 0 -1
vn 0 0 -1
vn 0 0 -1
vn 0 0 -1
vn 0 0 -1
vn 0 0 -1
vn 0 0 -1
vn 0 0 -1

vt -25.003334045410156 -62.5 0.0
vt -19.003334045410156 -62.5 0.0
vt -19.003334045410156 -75 0.0
vt -13.463333129882812 -75 0.0
vt -13.463333129882812 -69 0.0
vt -1.9233332872390747 -69 0.0
vt -1.9233332872390747 -75 0.0
vt 9.616666793823242 -75 0.0
vt 9.616666793823242 -69 0.0
vt 21.156665802001953 -69 0.0
vt 21.156665802001953 -75 0.0
vt 32.6966667175293 -75 0.0
vt 32.6966667175293 -69 0.0
vt 44.22666549682617 -69 0.0
vt 44.22666549682617 -75 0.0
vt 55.766666412353516 -75 0.0
vt 55.766666412353516 -69 0.0
vt 67.3066635131836 -69 0.0
vt 67.3066635131836 -75 0.0
vt 78.84666442871094 -75 0.0
vt 78.84666442871094 -69 0.0
vt 90.38666534423828 -69 0.0
vt 90.38666534423828 -75 0.0
vt 101.92666625976562 -75 0.0
vt 101.92666625976562 -69 0.0
vt 113.4566650390625 -69 0.0
vt 113.4566650390625 -75 0.0
vt 124.99666595458984 -75 0.0
vt 124.99666595458984 -65 0.0
vt 118.99666595458984 -65 0.0
vt 118.99666595458984 -55 0.0
vt 124.99666595458984 -55 0.0
vt 124.99666595458984 -45 0.0
vt 118.99666595458984 -45 0.0
vt 118.99666595458984 -35 0.0
vt 124.99666595458984 -35 0.0
vt 124.99666595458984 -25 0.0
vt 113.88666534423828 -25 0.0
vt 113.88666534423828 -31 0.0
vt 102.77666473388672 -31 0.0
vt 102.77666473388672 -25 0.0
vt 91.66666412353516 -25 0.0
vt 91.66666412353516 -31 0.0
vt 80.5566635131836 -31 0.0
vt 80.5566635131836 -25 0.0
vt 69.44666290283203 -25 0.0
vt 69.44666290283203 -31 0.0
vt 58.336666107177734 -31 0.0
vt 58.336666107177734 -25 0.0
vt 47.22666549682617 -25 0.0
vt 47.22666549682617 -31 0.0
vt 36.106666564941406 -31 0.0
vt 36.106666564941406 -25 0.0
vt 24.996665954589844 -25 0.0
vt 24.996665954589844 -12.5 0.0
vt 18.996665954589844 -12.5 0.0
vt 18.996665954589844 -3.197442310920451e-14 0.0
vt 24.996665954589844 -3.197442310920451e-14 0.0
vt 24.996665954589844 12.5 0.0
vt 18.996665954589844 12.5 0.0
vt 18.996665954589844 19 0.0
vt 14.99666690826416 19 0.0
vt 14.99666690826416 25 0.0
vt 4.996666431427002 25 0.0
vt 4.996666431427002 19 0.0
vt -5.003333568572998 19 0.0
vt -5.003333568572998 25 0.0
vt -15.00333309173584 25 0.0
vt -15.00333309173584 19 0.0
vt -25.003334045410156 19 0.0
vt -25.003334045410156 12.5 0.0
vt -19.003334045410156 12.5 0.0
vt -19.003334045410156 -3.197442310920451e-14 0.0
vt -25.003334045410156 -3.197442310920451e-14 0.0
vt -25.003334045410156 -12.5 0.0
vt -19.003334045410156 -12.5 0.0
vt -19.003334045410156 -25 0.0
vt -25.003334045410156 -25 0.0
vt -25.003334045410156 -37.5 0.0
vt -19.003334045410156 -37.5 0.0
vt -19.003334045410156 -50 0.0
vt -25.003334045410156 -50 0.0

o 5-plate-backSurface
usemtl backSurface
f 963/963/963 1044/1044/1044 1043/1043/1043
f 966/966/966 965/965/965 964/964/964
f 970/970/970 969/969/969 968/968/968
f 974/974/974 973/973/973 972/972/972
f 978/978/978 977/977/977 976/976/976
f 982/982/982 981/981/981 980/980/980
f 986/986/986 985/985/985 984/984/984
f 990/990/990 989/989/989 988/988/988
f 992/992/992 991/991/991 990/990/990
f 995/995/995 994/994/994 993/993/993
f 999/999/999 998/998/998 997/997/997
f 1001/1001/1001 1000/1000/1000 999/999/999
f 1004/1004/1004 1003/1003/1003 1002/1002/1002
f 1008/1008/1008 1007/1007/1007 1006/1006/1006
f 1012/1012/1012 1011/1011/1011 1010/1010/1010
f 1016/1016/1016 1015/1015/1015 1014/1014/1014
f 1018/1018/1018 1017/1017/1017 1016/1016/1016
f 1021/1021/1021 1020/1020/1020 1019/1019/1019
f 1024/1024/1024 1023/1023/1023 1022/1022/1022
f 1026/1026/1026 1025/1025/1025 1024/1024/1024
f 1030/1030/1030 1029/1029/1029 1028/1028/1028
f 1033/1033/1033 1032/1032/1032 1031/1031/1031
f 1037/1037/1037 1036/1036/1036 1035/1035/1035
f 1041/1041/1041 1040/1040/1040 1039/1039/1039
f 964/964/964 963/963/963 1043/1043/1043
f 967/967/967 966/966/966 964/964/964
f 971/971/971 970/970/970 968/968/968
f 975/975/975 974/974/974 972/972/972
f 979/979/979 978/978/978 976/976/976
f 983/983/983 982/982/982 980/980/980
f 987/987/987 986/986/986 984/984/984
f 992/992/992 990/990/990 988/988/988
f 996/996/996 995/995/995 993/993/993
f 1001/1001/1001 999/999/999 997/997/997
f 1005/1005/1005 1004/1004/1004 1002/1002/1002
f 1009/1009/1009 1008/1008/1008 1006/1006/1006
f 1013/1013/1013 1012/1012/1012 1010/1010/1010
f 1022/1022/1022 1021/1021/1021 1019/1019/1019
f 1026/1026/1026 1024/1024/1024 1022/1022/1022
f 1031/1031/1031 1030/1030/1030 1028/1028/1028
f 1034/1034/1034 1033/1033/1033 1031/1031/1031
f 1038/1038/1038 1037/1037/1037 1035/1035/1035
f 1042/1042/1042 1041/1041/1041 1039/1039/1039
f 967/967/967 964/964/964 1043/1043/1043
f 992/992/992 988/988/988 987/987/987
f 1001/1001/1001 997/997/997 996/996/996
f 1026/1026/1026 1022/1022/1022 1019/1019/1019
f 1034/1034/1034 1031/1031/1031 1028/1028/1028
f 967/967/967 1043/1043/1043 1042/1042/1042
f 992/992/992 987/987/987 984/984/984
f 1001/1001/1001 996/996/996 993/993/993
f 1026/1026/1026 1019/1019/1019 1018/1018/1018
f 1034/1034/1034 1028/1028/1028 1027/1027/1027
f 967/967/967 1042/1042/1042 1039/1039/1039
f 992/992/992 984/984/984 983/983/983
f 1001/1001/1001 993/993/993 992/992/992
f 1027/1027/1027 1026/1026/1026 1018/1018/1018
f 1035/1035/1035 1034/1034/1034 1027/1027/1027
f 967/967/967 1039/1039/1039 1038/1038/1038
f 992/992/992 983/983/983 980/980/980
f 1002/1002/1002 1001/1001/1001 992/992/992
f 1035/1035/1035 1027/1027/1027 1018/1018/1018
f 967/967/967 1038/1038/1038 1035/1035/1035
f 992/992/992 980/980/980 979/979/979
f 1005/1005/1005 1002/1002/1002 992/992/992
f 1035/1035/1035 1018/1018/1018 1016/1016/1016
f 968/968/968 967/967/967 1035/1035/1035
f 992/992/992 979/979/979 976/976/976
f 1006/1006/1006 1005/1005/1005 992/992/992
f 968/968/968 1035/1035/1035 1016/1016/1016
f 992/992/992 976/976/976 975/975/975
f 1009/1009/1009 1006/1006/1006 992/992/992
f 968/968/968 1016/1016/1016 1014/1014/1014
f 992/992/992 975/975/975 972/972/972
f 1010/1010/1010 1009/1009/1009 992/992/992
f 968/968/968 1014/1014/1014 1013/1013/1013
f 992/992/992 972/972/972 971/971/971
f 1013/1013/1013 1010/1010/1010 992/992/992
f 971/971/971 968/968/968 1013/1013/1013
f 1013/1013/1013 992/992/992 971/971/971

v -189.05345338061008 103.85439542453587 150.0011320406692
v -189.05337516359018 103.85441694296198 144.00113204121763
v -181.91315333072708 114.11439901705145 144.00126191880756
v -181.91308111038316 114.11441888572116 138.46126481848384
v -185.34038759015743 109.1896274901582 138.46120247724068
v -185.34023715274384 109.1896688772677 126.9212015627681
v -181.91293067296957 114.11446027283067 126.92126390401127
v -181.91278023555597 114.11450165994019 115.38126298953871
v -185.34008671533024 109.18971026437723 115.38120064829555
v -185.33993627794152 109.1897516514799 103.84120164117161
v -181.91262979816725 114.11454304704286 103.84126398241477
v -181.91247936076607 114.11458443414894 92.30126402161653
v -185.33978584054034 109.18979303858598 92.30120168037335
v -185.33963553349764 109.18983438982892 80.77120147161887
v -181.91232905372337 114.11462578539188 80.77126381286203
v -181.912178616316 114.11466717249968 69.23126337522662
v -185.33948509609027 109.18987577693672 69.23120103398344
v -185.33933465870155 109.18991716403937 57.6912020268595
v -181.91202817892727 114.11470855960233 57.69126436810268
v -181.91187774151368 114.11474994671185 46.15126345363011
v -185.33918422128795 109.18995855114889 46.15120111238693
v -185.33903378387436 109.1899999382584 34.61120019791437
v -181.91172730410008 114.11479133382136 34.61126253915755
v -181.91157686673623 114.11483272091719 23.071265439382245
v -185.3388833465105 109.19004132535423 23.071203098139065
v -185.3387330394367 109.19008267660571 11.541200505198788
v -181.91142655966243 114.11487407216867 11.541262846441967
v -181.91127612224884 114.11491545927818 0.0012619319693953912
v -187.6234535885393 105.90692980000658 0.0011580298974394054
v -187.62353180555922 105.90690828158047 6.001158029349028
v -193.33570927184968 97.6989226223089 6.001054127277072
v -193.33563105482975 97.69894414073502 0.0010541278254834197
v -199.0478085211202 89.49095848146342 0.0009502257535416447
v -199.04788673814014 89.49093696303731 6.0009502252051306
v -204.7600642044306 81.28295130376571 6.000846323133175
v -204.75998598741066 81.28297282219184 0.000846323681585659
v -210.4721634537011 73.07498716292025 0.0007424216096296732
v -210.47230828555763 73.07494731796572 11.110743030945713
v -207.04500180578336 77.99973871352867 11.110805372188892
v -207.0451466376399 77.99969886857411 22.22080598152499
v -210.47245311741418 73.07490747301117 22.22074364028181
v -210.4725979492707 73.07486762805664 33.330744249617894
v -207.04529146949642 77.99965902361959 33.33080659086107
v -207.04543630135294 77.99961917866503 44.440807200197185
v -210.4727427811272 73.07482778310208 44.440744858954005
v -210.47288761295886 73.07478793815439 55.550743560941456
v -207.04558113318458 77.99957933371734 55.550805902184635
v -207.0457259650411 77.99953948876279 66.66080651152072
v -210.47303244481537 73.07474809319984 66.66074417027755
v -210.4731772766657 73.07470824824702 77.77074430277648
v -207.04587079689142 77.99949964380997 77.77080664401966
v -207.0460157591002 77.99945976299398 88.89080652856235
v -210.47332223887446 73.07466836743103 88.89074418731917
v -210.47346707072478 73.07462852247819 100.00074431981811
v -217.61368890358784 62.814646448388714 100.00061444222817
v -217.61376712060778 62.81462492996259 106.00061444167977
v -224.75398895347084 52.55464285587311 106.00048456408983
v -224.7539107364509 52.55466437429922 100.00048456463824
v -231.89413256931397 42.29468230020975 100.0003546870483
v -231.8942107863339 42.294660781783634 106.00035468649989
v -235.6071261394227 36.959470103257104 106.00028715015313
v -235.60717828410264 36.959455757639695 110.00028714978752
v -239.03448476387692 32.03466436207674 110.00022480854435
v -239.03461512555194 32.034628498040064 120.0002229002817
v -235.60730864577766 36.95941989360301 120.00028524152486
v -235.60743900747752 36.959384029559494 130.00028524061085
v -239.03474548725183 32.03459263399654 130.00022289936769
v -239.03487584895169 32.034556769953014 140.00022289845367
v -235.6075693691774 36.95934816551597 140.00028523969684
v -235.6076997308773 36.959312301472444 150.00028523878282
v -231.8947843777885 42.294502979998974 150.00035277512958
v -231.89470616076858 42.29452449842509 144.00035277567798
v -224.75448432790552 52.55450657251457 144.00048265326794
v -224.75456254492542 52.55448505408845 150.0004826527195
v -217.61434071206236 62.81446712817794 150.00061253030947
v -217.61426249504245 62.81448864660405 144.00061253085786
v -210.47404066217936 73.07447072069354 144.00074240844782
v -210.4741188791993 73.07444920226742 150.0007424078994
v -203.33389704633623 83.3344312763569 150.00087228548935
v -203.3338188293163 83.334452794783 144.00087228603775
v -196.19359699645324 93.5944348688725 144.00100216362767
v -196.19367521347317 93.59441335044639 150.00100216307928
v -184.1286619852737 100.42708894426215 150.0011839493801
v -184.12858376825378 100.42711046268828 144.00118394992853
v -176.98836193539069 110.68709253677775 144.00131382751846
v -176.98828971504676 110.68711240544746 138.46131672719477
v -180.41559619482103 105.7623210098845 138.4612543859516
v -180.41544575740744 105.762362396994 126.92125347147902
v -176.98813927763317 110.68715379255697 126.92131581272218
v -176.98798884021957 110.68719517966649 115.38131489824961
v -180.41529531999385 105.76240378410353 115.38125255700646
v -180.41514488260512 105.7624451712062 103.84125354988251
v -176.98783840283085 110.68723656676916 103.84131589112569
v -176.98768796542967 110.68727795387524 92.30131593032743
v -180.41499444520394 105.76248655831228 92.30125358908427
v -180.41484413816127 105.76252790955522 80.77125338032977
v -176.98753765838697 110.68731930511818 80.77131572157293
v -176.9873872209796 110.68736069222598 69.23131528393753
v -180.41469370075387 105.76256929666302 69.23125294269435
v -180.41454326336515 105.76261068376567 57.691253935570415
v -176.98723678359087 110.68740207932863 57.691316276813595
v -176.98708634617728 110.68744346643815 46.15131536234102
v -180.41439282595155 105.76265207087519 46.151253021097844
v -180.41424238853796 105.7626934579847 34.61125210662529
v -176.98693590876368 110.68748485354766 34.611314447868466
v -176.98678547139983 110.68752624064349 23.07131734809316
v -180.4140919511741 105.76273484508053 23.07125500684998
v -180.41394164410033 105.76277619633201 11.541252413909703
v -176.98663516432603 110.68756759189498 11.541314755152882
v -176.98648472691244 110.68760897900448 0.0013138406803108182
v -182.69866219320292 102.47962331973288 0.0012099386083548325
v -182.69874041022283 102.47960180130677 6.001209938059944
v -188.41091787651328 94.2716161420352 6.001106035987988
v -188.41083965949338 94.27163766046132 0.0011060365363988467
v -194.1230171257838 86.06365200118972 0.001002134464442861
v -194.12309534280374 86.0636304827636 6.001002133916032
v -199.8352728090942 77.85564482349201 6.00089823184409
v -199.83519459207426 77.85566634191814 0.000898232392501086
v -205.54737205836472 69.64768068264655 0.0007943303205451002
v -205.54751689022126 69.64764083769201 11.110794939656628
v -202.120210410447 74.57243223325496 11.110857280899793
v -202.1203552423035 74.57239238830041 22.22085789023589
v -205.54766172207778 69.64760099273747 22.220795548992726
v -205.5478065539343 69.64756114778292 33.33079615832881
v -202.12050007416002 74.57235254334587 33.330858499571974
v -202.12064490601654 74.57231269839133 44.440859108908086
v -205.5479513857908 69.64752130282838 44.44079676766492
v -205.54809621762246 69.64748145788069 55.55079546965237
v -202.12078973784818 74.57227285344362 55.550857810895536
v -202.12093456970473 74.57223300848909 66.66085842023163
v -205.548241049479 69.64744161292614 66.66079607898845
v -205.5483858813293 69.6474017679733 77.77079621148741
v -202.12107940155502 74.57219316353626 77.77085855273057
v -202.1212243637638 74.57215328272027 88.89085843727327
v -205.54853084353806 69.64736188715732 88.8907960960301
v -205.54867567538838 69.6473220422045 100.00079622852903
v -212.68889750825144 59.38733996811501 100.00066635093908
v -212.68897572527138 59.38731844968889 106.00066635039067
v -219.82919755813444 49.12733637559941 106.00053647280075
v -219.8291193411145 49.12735789402552 100.00053647334914
v -226.96934117397757 38.86737581993605 100.00040659575922
v -226.9694193909975 38.867354301509934 106.00040659521079
v -230.6823347440863 33.532163622983404 106.00033905886403
v -230.68238688876625 33.532149277365995 110.00033905849843
v -234.10969336854055 28.60735788180304 110.00027671725526
v -234.10982373021554 28.607322017766357 120.00027480899261
v -230.68251725044126 33.53211341332931 120.00033715023578
v -230.68264761214115 33.532077549285795 130.00033714932175
v -234.10995409191543 28.607286153722836 130.0002748080786
v -234.11008445361531 28.607250289679314 140.00027480716457
v -230.68277797384104 33.53204168524227 140.00033714840774
v -230.6829083355409 33.532005821198744 150.00033714749372
v -226.9699929824521 38.867196499725274 150.00040468384051
v -226.96991476543218 38.86721801815139 144.0004046843889
v -219.82969293256912 49.12720009224087 144.00053456197884
v -219.82977114958905 49.12717857381475 150.00053456143044
v -212.68954931672596 59.38716064790424 150.00066443902037
v -212.68947109970605 59.38718216633035 144.0006644395688
v -205.54924926684296 69.64716424041983 144.00079431715872
v -205.5493274838629 69.64714272199372 150.00079431661032
v -198.40910565099983 79.9071247960832 150.00092419420025
v -198.4090274339799 79.9071463145093 144.00092419474868
v -191.26880560111684 90.1671283885988 144.0010540723386
v -191.26888381813677 90.16710687017267 150.00105407179018

vn -0.7213873267173767 -0.6925318241119385 0
vn -0.9723873138427734 -0.23337295651435852 0
vn -0.7483333945274353 -0.6633227467536926 0
vn 0.9079150557518005 -0.4191541373729706 0
vn 0.251602441072464 -0.9678306579589844 0
vn -0.7207869291305542 -0.6931567192077637 0
vn -0.251602441072464 -0.9678306579589844 0
vn 0.7207869291305542 -0.6931567192077637 0
vn 0.251602441072464 -0.9678306579589844 0
vn -0.7207869291305542 -0.6931567192077637 0
vn -0.251602441072464 -0.9678306579589844 0
vn 0.7207869291305542 -0.6931567192077637 0
vn 0.2518068253993988 -0.9677775502204895 0
vn -0.7210870385169983 -0.6928444504737854 0
vn -0.251602441072464 -0.9678306579589844 0
vn 0.7207869291305542 -0.6931567192077637 0
vn 0.251602441072464 -0.9678306579589844 0
vn -0.7207869291305542 -0.6931567192077637 0
vn -0.251602441072464 -0.9678306579589844 0
vn 0.7207869291305542 -0.6931567192077637 0
vn 0.251602441072464 -0.9678306579589844 0
vn -0.7207869291305542 -0.6931567192077637 0
vn -0.251602441072464 -0.9678306579589844 0
vn 0.7207869291305542 -0.6931567192077637 0
vn 0.2518068253993988 -0.9677775502204895 0
vn -0.7210870385169983 -0.6928444504737854 0
vn -0.251602441072464 -0.9678306579589844 0
vn 0.8661567568778992 -0.49977242946624756 0
vn 0.6401844024658203 0.7682212591171265 0
vn 0.9578262567520142 0.2873478829860687 0
vn 0.6401844024658203 -0.7682212591171265 0
vn 0.9578262567520142 -0.2873478829860687 0
vn 0.6401844024658203 0.7682212591171265 0
vn 0.9578262567520142 0.2873478829860687 0
vn 0.6401844024658203 -0.7682212591171265 0
vn 0.9578262567520142 -0.2873478829860687 0
vn 0.41039878129959106 0.9119061827659607 0
vn -0.7337945103645325 0.6793714761734009 0
vn -0.2606901228427887 0.965422511100769 0
vn 0.7337945103645325 0.6793714761734009 0
vn 0.2606901228427887 0.965422511100769 0
vn -0.7337945103645325 0.6793714761734009 0
vn -0.2606901228427887 0.965422511100769 0
vn 0.7337945103645325 0.6793714761734009 0
vn 0.2606901228427887 0.965422511100769 0
vn -0.7337945103645325 0.6793714761734009 0
vn -0.2606901228427887 0.965422511100769 0
vn 0.7337945103645325 0.6793714761734009 0
vn 0.2606901228427887 0.965422511100769 0
vn -0.7337945103645325 0.6793714761734009 0
vn -0.2604716122150421 0.9654815196990967 0
vn 0.7334897518157959 0.679700493812561 0
vn 0.2606901228427887 0.965422511100769 0
vn 0.913826584815979 0.40610456466674805 0
vn 0.7213873267173767 0.6925318241119385 0
vn 0.9723873138427734 0.23337295651435852 0
vn 0.7213873267173767 -0.6925318241119385 0
vn 0.9723873138427734 -0.23337295651435852 0
vn 0.7213873267173767 0.6925318241119385 0
vn 0.9079594016075134 0.4190581738948822 0
vn 0.6305926442146301 0.7761139869689941 0
vn 0.9486833214759827 0.3162277638912201 0
vn 0.2873478829860687 0.9578262567520142 0
vn -0.7682212591171265 0.6401844024658203 0
vn -0.2873478829860687 0.9578262567520142 0
vn 0.7682212591171265 0.6401844024658203 0
vn 0.2873478829860687 0.9578262567520142 0
vn -0.7682212591171265 0.6401844024658203 0
vn -0.2873478829860687 0.9578262567520142 0
vn -0.7926239967346191 0.6097107529640198 0
vn -0.47628316283226013 -0.8792919516563416 0
vn -0.9723873138427734 -0.23337295651435852 0
vn -0.7213873267173767 0.6925318241119385 0
vn -0.9723873138427734 0.23337295651435852 0
vn -0.7213873267173767 -0.6925318241119385 0
vn -0.9723873138427734 -0.23337295651435852 0
vn -0.7213873267173767 0.6925318241119385 0
vn -0.9723873138427734 0.23337295651435852 0
vn -0.7213873267173767 -0.6925318241119385 0
vn -0.9723873138427734 -0.23337295651435852 0
vn -0.7213873267173767 0.6925318241119385 0
vn -0.9723873138427734 0.23337295651435852 0
vn -0.9723873138427734 -0.23337295651435852 0
vn -0.7213873267173767 -0.6925318241119385 0
vn -0.9763155579566956 -0.21635153889656067 0
vn 0.4761808514595032 -0.8793473839759827 0
vn 0.7207869291305542 -0.6931567192077637 0
vn -0.251602441072464 -0.9678306579589844 0
vn -0.7207869291305542 -0.6931567192077637 0
vn 0.251602441072464 -0.9678306579589844 0
vn 0.7207869291305542 -0.6931567192077637 0
vn -0.251602441072464 -0.9678306579589844 0
vn -0.7207869291305542 -0.6931567192077637 0
vn 0.251602441072464 -0.9678306579589844 0
vn 0.7210870385169983 -0.6928444504737854 0
vn -0.2518068253993988 -0.9677775502204895 0
vn -0.7207869291305542 -0.6931567192077637 0
vn 0.251602441072464 -0.9678306579589844 0
vn 0.7207869291305542 -0.6931567192077637 0
vn -0.251602441072464 -0.9678306579589844 0
vn -0.7207869291305542 -0.6931567192077637 0
vn 0.251602441072464 -0.9678306579589844 0
vn 0.7207869291305542 -0.6931567192077637 0
vn -0.251602441072464 -0.9678306579589844 0
vn -0.7207869291305542 -0.6931567192077637 0
vn 0.251602441072464 -0.9678306579589844 0
vn 0.7210870385169983 -0.6928444504737854 0
vn -0.2518068253993988 -0.9677775502204895 0
vn -0.7207869291305542 -0.6931567192077637 0
vn 0.39756283164024353 -0.917574942111969 0
vn 0.9578262567520142 0.2873478829860687 0
vn 0.6401844024658203 0.7682212591171265 0
vn 0.9578262567520142 -0.2873478829860687 0
vn 0.6401844024658203 -0.7682212591171265 0
vn 0.9578262567520142 0.2873478829860687 0
vn 0.6401844024658203 0.7682212591171265 0
vn 0.9578262567520142 -0.2873478829860687 0
vn 0.6401844024658203 -0.7682212591171265 0
vn 0.874177873134613 0.4856058359146118 0
vn -0.2606901228427887 0.965422511100769 0
vn -0.7337945103645325 0.6793714761734009 0
vn 0.2606901228427887 0.965422511100769 0
vn 0.7337945103645325 0.6793714761734009 0
vn -0.2606901228427887 0.965422511100769 0
vn -0.7337945103645325 0.6793714761734009 0
vn 0.2606901228427887 0.965422511100769 0
vn 0.7337945103645325 0.6793714761734009 0
vn -0.2606901228427887 0.965422511100769 0
vn -0.7337945103645325 0.6793714761734009 0
vn 0.2606901228427887 0.965422511100769 0
vn 0.7337945103645325 0.6793714761734009 0
vn -0.2606901228427887 0.965422511100769 0
vn -0.7334897518157959 0.679700493812561 0
vn 0.2604716122150421 0.9654815196990967 0
vn 0.7337945103645325 0.6793714761734009 0
vn 0.49029844999313354 0.8715546131134033 0
vn 0.9723873138427734 0.23337295651435852 0
vn 0.7213873267173767 0.6925318241119385 0
vn 0.9723873138427734 -0.23337295651435852 0
vn 0.7213873267173767 -0.6925318241119385 0
vn 0.9723873138427734 0.23337295651435852 0
vn 0.47628316283226013 0.8792919516563416 0
vn 0.9557790160179138 0.29408586025238037 0
vn 0.6000000238418579 0.800000011920929 0
vn 0.7682212591171265 0.6401844024658203 0
vn -0.2873478829860687 0.9578262567520142 0
vn -0.7682212591171265 0.6401844024658203 0
vn 0.2873478829860687 0.9578262567520142 0
vn 0.7682212591171265 0.6401844024658203 0
vn -0.2873478829860687 0.9578262567520142 0
vn -0.7682212591171265 0.6401844024658203 0
vn -0.3090860843658447 0.9510340690612793 0
vn -0.9079594016075134 -0.4190581738948822 0
vn -0.7213873267173767 -0.6925318241119385 0
vn -0.9723873138427734 0.23337295651435852 0
vn -0.7213873267173767 0.6925318241119385 0
vn -0.9723873138427734 -0.23337295651435852 0
vn -0.7213873267173767 -0.6925318241119385 0
vn -0.9723873138427734 0.23337295651435852 0
vn -0.7213873267173767 0.6925318241119385 0
vn -0.9723873138427734 -0.23337295651435852 0
vn -0.7213873267173767 -0.6925318241119385 0
vn -0.9723873138427734 0.23337295651435852 0
vn -0.7213873267173767 0.6925318241119385 0

vt 0 0 0.0
vt 6 0 0.0
vt 18.5 0 0.0
vt 24.040000915527344 0 0.0
vt 30.040000915527344 0 0.0
vt 41.58000183105469 0 0.0
vt 47.58000183105469 0 0.0
vt 59.119998931884766 0 0.0
vt 65.12000274658203 0 0.0
vt 76.66000366210938 0 0.0
vt 82.66000366210938 0 0.0
vt 94.19999694824219 0 0.0
vt 100.19999694824219 0 0.0
vt 111.7300033569336 0 0.0
vt 117.7300033569336 0 0.0
vt 129.27000427246094 0 0.0
vt 135.27000427246094 0 0.0
vt 146.80999755859375 0 0.0
vt 152.80999755859375 0 0.0
vt 164.35000610351562 0 0.0
vt 170.35000610351562 0 0.0
vt 181.88999938964844 0 0.0
vt 187.88999938964844 0 0.0
vt 199.42999267578125 0 0.0
vt 205.42999267578125 0 0.0
vt 216.9600067138672 0 0.0
vt 222.9600067138672 0 0.0
vt 234.5 0 0.0
vt 244.5 0 0.0
vt 250.5 0 0.0
vt 260.5 0 0.0
vt 266.5 0 0.0
vt 276.5 0 0.0
vt 282.5 0 0.0
vt 292.5 0 0.0
vt 298.5 0 0.0
vt 308.5 0 0.0
vt 319.6099853515625 0 0.0
vt 325.6099853515625 0 0.0
vt 336.7200012207031 0 0.0
vt 342.7200012207031 0 0.0
vt 353.8299865722656 0 0.0
vt 359.8299865722656 0 0.0
vt 370.94000244140625 0 0.0
vt 376.94000244140625 0 0.0
vt 388.04998779296875 0 0.0
vt 394.04998779296875 0 0.0
vt 405.1600036621094 0 0.0
vt 411.1600036621094 0 0.0
vt 422.2699890136719 0 0.0
vt 428.2699890136719 0 0.0
vt 439.3900146484375 0 0.0
vt 445.3900146484375 0 0.0
vt 456.5 0 0.0
vt 469 0 0.0
vt 475 0 0.0
vt 487.5 0 0.0
vt 493.5 0 0.0
vt 506 0 0.0
vt 512 0 0.0
vt 518.5 0 0.0
vt 522.5 0 0.0
vt 528.5 0 0.0
vt 538.5 0 0.0
vt 544.5 0 0.0
vt 554.5 0 0.0
vt 560.5 0 0.0
vt 570.5 0 0.0
vt 576.5 0 0.0
vt 586.5 0 0.0
vt 593 0 0.0
vt 599 0 0.0
vt 611.5 0 0.0
vt 617.5 0 0.0
vt 630 0 0.0
vt 636 0 0.0
vt 648.5 0 0.0
vt 654.5 0 0.0
vt 667 0 0.0
vt 673 0 0.0
vt 685.5 0 0.0
vt 691.5 0 0.0
vt 0 1 0.0
vt 6 1 0.0
vt 18.5 1 0.0
vt 24.040000915527344 1 0.0
vt 30.040000915527344 1 0.0
vt 41.58000183105469 1 0.0
vt 47.58000183105469 1 0.0
vt 59.119998931884766 1 0.0
vt 65.12000274658203 1 0.0
vt 76.66000366210938 1 0.0
vt 82.66000366210938 1 0.0
vt 94.19999694824219 1 0.0
vt 100.19999694824219 1 0.0
vt 111.7300033569336 1 0.0
vt 117.7300033569336 1 0.0
vt 129.27000427246094 1 0.0
vt 135.27000427246094 1 0.0
vt 146.80999755859375 1 0.0
vt 152.80999755859375 1 0.0
vt 164.35000610351562 1 0.0
vt 170.35000610351562 1 0.0
vt 181.88999938964844 1 0.0
vt 187.88999938964844 1 0.0
vt 199.42999267578125 1 0.0
vt 205.42999267578125 1 0.0
vt 216.9600067138672 1 0.0
vt 222.9600067138672 1 0.0
vt 234.5 1 0.0
vt 244.5 1 0.0
vt 250.5 1 0.0
vt 260.5 1 0.0
vt 266.5 1 0.0
vt 276.5 1 0.0
vt 282.5 1 0.0
vt 292.5 1 0.0
vt 298.5 1 0.0
vt 308.5 1 0.0
vt 319.6099853515625 1 0.0
vt 325.6099853515625 1 0.0
vt 336.7200012207031 1 0.0
vt 342.7200012207031 1 0.0
vt 353.8299865722656 1 0.0
vt 359.8299865722656 1 0.0
vt 370.94000244140625 1 0.0
vt 376.94000244140625 1 0.0
vt 388.04998779296875 1 0.0
vt 394.04998779296875 1 0.0
vt 405.1600036621094 1 0.0
vt 411.1600036621094 1 0.0
vt 422.2699890136719 1 0.0
vt 428.2699890136719 1 0.0
vt 439.3900146484375 1 0.0
vt 445.3900146484375 1 0.0
vt 456.5 1 0.0
vt 469 1 0.0
vt 475 1 0.0
vt 487.5 1 0.0
vt 493.5 1 0.0
vt 506 1 0.0
vt 512 1 0.0
vt 518.5 1 0.0
vt 522.5 1 0.0
vt 528.5 1 0.0
vt 538.5 1 0.0
vt 544.5 1 0.0
vt 554.5 1 0.0
vt 560.5 1 0.0
vt 570.5 1 0.0
vt 576.5 1 0.0
vt 586.5 1 0.0
vt 593 1 0.0
vt 599 1 0.0
vt 611.5 1 0.0
vt 617.5 1 0.0
vt 630 1 0.0
vt 636 1 0.0
vt 648.5 1 0.0
vt 654.5 1 0.0
vt 667 1 0.0
vt 673 1 0.0
vt 685.5 1 0.0
vt 691.5 1 0.0

o 5-plate-outlineSide
usemtl burnededges
f 1045/1045/1045 1127/1127/1127 1128/1128/1128
f 1045/1045/1045 1128/1128/1128 1046/1046/1046
f 1046/1046/1046 1128/1128/1128 1129/1129/1129
f 1046/1046/1046 1129/1129/1129 1047/1047/1047
f 1047/1047/1047 1129/1129/1129 1130/1130/1130
f 1047/1047/1047 1130/1130/1130 1048/1048/1048
f 1048/1048/1048 1130/1130/1130 1131/1131/1131
f 1048/1048/1048 1131/1131/1131 1049/1049/1049
f 1049/1049/1049 1131/1131/1131 1132/1132/1132
f 1049/1049/1049 1132/1132/1132 1050/1050/1050
f 1050/1050/1050 1132/1132/1132 1133/1133/1133
f 1050/1050/1050 1133/1133/1133 1051/1051/1051
f 1051/1051/1051 1133/1133/1133 1134/1134/1134
f 1051/1051/1051 1134/1134/1134 1052/1052/1052
f 1052/1052/1052 1134/1134/1134 1135/1135/1135
f 1052/1052/1052 1135/1135/1135 1053/1053/1053
f 1053/1053/1053 1135/1135/1135 1136/1136/1136
f 1053/1053/1053 1136/1136/1136 1054/1054/1054
f 1054/1054/1054 1136/1136/1136 1137/1137/1137
f 1054/1054/1054 1137/1137/1137 1055/1055/1055
f 1055/1055/1055 1137/1137/1137 1138/1138/1138
f 1055/1055/1055 1138/1138/1138 1056/1056/1056
f 1056/1056/1056 1138/1138/1138 1139/1139/1139
f 1056/1056/1056 1139/1139/1139 1057/1057/1057
f 1057/1057/1057 1139/1139/1139 1140/1140/1140
f 1057/1057/1057 1140/1140/1140 1058/1058/1058
f 1058/1058/1058 1140/1140/1140 1141/1141/1141
f 1058/1058/1058 1141/1141/1141 1059/1059/1059
f 1059/1059/1059 1141/1141/1141 1142/1142/1142
f 1059/1059/1059 1142/1142/1142 1060/1060/1060
f 1060/1060/1060 1142/1142/1142 1143/1143/1143
f 1060/1060/1060 1143/1143/1143 1061/1061/1061
f 1061/1061/1061 1143/1143/1143 1144/1144/1144
f 1061/1061/1061 1144/1144/1144 1062/1062/1062
f 1062/1062/1062 1144/1144/1144 1145/1145/1145
f 1062/1062/1062 1145/1145/1145 1063/1063/1063
f 1063/1063/1063 1145/1145/1145 1146/1146/1146
f 1063/1063/1063 1146/1146/1146 1064/1064/1064
f 1064/1064/1064 1146/1146/1146 1147/1147/1147
f 1064/1064/1064 1147/1147/1147 1065/1065/1065
f 1065/1065/1065 1147/1147/1147 1148/1148/1148
f 1065/1065/1065 1148/1148/1148 1066/1066/1066
f 1066/1066/1066 1148/1148/1148 1149/1149/1149
f 1066/1066/1066 1149/1149/1149 1067/1067/1067
f 1067/1067/1067 1149/1149/1149 1150/1150/1150
f 1067/1067/1067 1150/1150/1150 1068/1068/1068
f 1068/1068/1068 1150/1150/1150 1151/1151/1151
f 1068/1068/1068 1151/1151/1151 1069/1069/1069
f 1069/1069/1069 1151/1151/1151 1152/1152/1152
f 1069/1069/1069 1152/1152/1152 1070/1070/1070
f 1070/1070/1070 1152/1152/1152 1153/1153/1153
f 1070/1070/1070 1153/1153/1153 1071/1071/1071
f 1071/1071/1071 1153/1153/1153 1154/1154/1154
f 1071/1071/1071 1154/1154/1154 1072/1072/1072
f 1072/1072/1072 1154/1154/1154 1155/1155/1155
f 1072/1072/1072 1155/1155/1155 1073/1073/1073
f 1073/1073/1073 1155/1155/1155 1156/1156/1156
f 1073/1073/1073 1156/1156/1156 1074/1074/1074
f 1074/1074/1074 1156/1156/1156 1157/1157/1157
f 1074/1074/1074 1157/1157/1157 1075/1075/1075
f 1075/1075/1075 1157/1157/1157 1158/1158/1158
f 1075/1075/1075 1158/1158/1158 1076/1076/1076
f 1076/1076/1076 1158/1158/1158 1159/1159/1159
f 1076/1076/1076 1159/1159/1159 1077/1077/1077
f 1077/1077/1077 1159/1159/1159 1160/1160/1160
f 1077/1077/1077 1160/1160/1160 1078/1078/1078
f 1078/1078/1078 1160/1160/1160 1161/1161/1161
f 1078/1078/1078 1161/1161/1161 1079/1079/1079
f 1079/1079/1079 1161/1161/1161 1162/1162/1162
f 1079/1079/1079 1162/1162/1162 1080/1080/1080
f 1080/1080/1080 1162/1162/1162 1163/1163/1163
f 1080/1080/1080 1163/1163/1163 1081/1081/1081
f 1081/1081/1081 1163/1163/1163 1164/1164/1164
f 1081/1081/1081 1164/1164/1164 1082/1082/1082
f 1082/1082/1082 1164/1164/1164 1165/1165/1165
f 1082/1082/1082 1165/1165/1165 1083/1083/1083
f 1083/1083/1083 1165/1165/1165 1166/1166/1166
f 1083/1083/1083 1166/1166/1166 1084/1084/1084
f 1084/1084/1084 1166/1166/1166 1167/1167/1167
f 1084/1084/1084 1167/1167/1167 1085/1085/1085
f 1085/1085/1085 1167/1167/1167 1168/1168/1168
f 1085/1085/1085 1168/1168/1168 1086/1086/1086
f 1086/1086/1086 1168/1168/1168 1169/1169/1169
f 1086/1086/1086 1169/1169/1169 1087/1087/1087
f 1087/1087/1087 1169/1169/1169 1170/1170/1170
f 1087/1087/1087 1170/1170/1170 1088/1088/1088
f 1088/1088/1088 1170/1170/1170 1171/1171/1171
f 1088/1088/1088 1171/1171/1171 1089/1089/1089
f 1089/1089/1089 1171/1171/1171 1172/1172/1172
f 1089/1089/1089 1172/1172/1172 1090/1090/1090
f 1090/1090/1090 1172/1172/1172 1173/1173/1173
f 1090/1090/1090 1173/1173/1173 1091/1091/1091
f 1091/1091/1091 1173/1173/1173 1174/1174/1174
f 1091/1091/1091 1174/1174/1174 1092/1092/1092
f 1092/1092/1092 1174/1174/1174 1175/1175/1175
f 1092/1092/1092 1175/1175/1175 1093/1093/1093
f 1093/1093/1093 1175/1175/1175 1176/1176/1176
f 1093/1093/1093 1176/1176/1176 1094/1094/1094
f 1094/1094/1094 1176/1176/1176 1177/1177/1177
f 1094/1094/1094 1177/1177/1177 1095/1095/1095
f 1095/1095/1095 1177/1177/1177 1178/1178/1178
f 1095/1095/1095 1178/1178/1178 1096/1096/1096
f 1096/1096/1096 1178/1178/1178 1179/1179/1179
f 1096/1096/1096 1179/1179/1179 1097/1097/1097
f 1097/1097/1097 1179/1179/1179 1180/1180/1180
f 1097/1097/1097 1180/1180/1180 1098/1098/1098
f 1098/1098/1098 1180/1180/1180 1181/1181/1181
f 1098/1098/1098 1181/1181/1181 1099/1099/1099
f 1099/1099/1099 1181/1181/1181 1182/1182/1182
f 1099/1099/1099 1182/1182/1182 1100/1100/1100
f 1100/1100/1100 1182/1182/1182 1183/1183/1183
f 1100/1100/1100 1183/1183/1183 1101/1101/1101
f 1101/1101/1101 1183/1183/1183 1184/1184/1184
f 1101/1101/1101 1184/1184/1184 1102/1102/1102
f 1102/1102/1102 1184/1184/1184 1185/1185/1185
f 1102/1102/1102 1185/1185/1185 1103/1103/1103
f 1103/1103/1103 1185/1185/1185 1186/1186/1186
f 1103/1103/1103 1186/1186/1186 1104/1104/1104
f 1104/1104/1104 1186/1186/1186 1187/1187/1187
f 1104/1104/1104 1187/1187/1187 1105/1105/1105
f 1105/1105/1105 1187/1187/1187 1188/1188/1188
f 1105/1105/1105 1188/1188/1188 1106/1106/1106
f 1106/1106/1106 1188/1188/1188 1189/1189/1189
f 1106/1106/1106 1189/1189/1189 1107/1107/1107
f 1107/1107/1107 1189/1189/1189 1190/1190/1190
f 1107/1107/1107 1190/1190/1190 1108/1108/1108
f 1108/1108/1108 1190/1190/1190 1191/1191/1191
f 1108/1108/1108 1191/1191/1191 1109/1109/1109
f 1109/1109/1109 1191/1191/1191 1192/1192/1192
f 1109/1109/1109 1192/1192/1192 1110/1110/1110
f 1110/1110/1110 1192/1192/1192 1193/1193/1193
f 1110/1110/1110 1193/1193/1193 1111/1111/1111
f 1111/1111/1111 1193/1193/1193 1194/1194/1194
f 1111/1111/1111 1194/1194/1194 1112/1112/1112
f 1112/1112/1112 1194/1194/1194 1195/1195/1195
f 1112/1112/1112 1195/1195/1195 1113/1113/1113
f 1113/1113/1113 1195/1195/1195 1196/1196/1196
f 1113/1113/1113 1196/1196/1196 1114/1114/1114
f 1114/1114/1114 1196/1196/1196 1197/1197/1197
f 1114/1114/1114 1197/1197/1197 1115/1115/1115
f 1115/1115/1115 1197/1197/1197 1198/1198/1198
f 1115/1115/1115 1198/1198/1198 1116/1116/1116
f 1116/1116/1116 1198/1198/1198 1199/1199/1199
f 1116/1116/1116 1199/1199/1199 1117/1117/1117
f 1117/1117/1117 1199/1199/1199 1200/1200/1200
f 1117/1117/1117 1200/1200/1200 1118/1118/1118
f 1118/1118/1118 1200/1200/1200 1201/1201/1201
f 1118/1118/1118 1201/1201/1201 1119/1119/1119
f 1119/1119/1119 1201/1201/1201 1202/1202/1202
f 1119/1119/1119 1202/1202/1202 1120/1120/1120
f 1120/1120/1120 1202/1202/1202 1203/1203/1203
f 1120/1120/1120 1203/1203/1203 1121/1121/1121
f 1121/1121/1121 1203/1203/1203 1204/1204/1204
f 1121/1121/1121 1204/1204/1204 1122/1122/1122
f 1122/1122/1122 1204/1204/1204 1205/1205/1205
f 1122/1122/1122 1205/1205/1205 1123/1123/1123
f 1123/1123/1123 1205/1205/1205 1206/1206/1206
f 1123/1123/1123 1206/1206/1206 1124/1124/1124
f 1124/1124/1124 1206/1206/1206 1207/1207/1207
f 1124/1124/1124 1207/1207/1207 1125/1125/1125
f 1125/1125/1125 1207/1207/1207 1208/1208/1208
f 1125/1125/1125 1208/1208/1208 1126/1126/1126
f 1126/1126/1126 1208/1208/1208 1127/1127/1127
f 1126/1126/1126 1127/1127/1127 1045/1045/1045




o 5-plate-holeSide
usemtl burnededges

v -181.9130810234734 114.11441890963107 138.45459799922992
v -176.988289628137 110.68711242935738 138.45464990794085
v -176.9883618485307 110.68709256067399 143.99465082296183
v -173.70516758497308 108.40222157382486 143.9946854287691
v -173.70524580199302 108.40220005539874 149.9946854282207
v -165.49726014309903 102.6900225882759 149.99477194273888
v -165.4971819260791 102.69004410670202 143.99477194328728
v -157.2891962671851 96.97786663957918 143.99485845780546
v -157.28927448420504 96.97784512115307 149.99485845725707
v -149.08128882531102 91.26566765403024 149.99494497177525
v -149.0812106082911 91.26568917245635 143.99494497232365
v -140.87322494939713 85.55351170533352 143.99503148684184
v -140.87315833456051 85.55353003186194 138.88503087695733
v -145.7979497298969 88.98083651213565 138.88497896824643
v -145.7978048980404 88.98087635709018 127.77497835891035
v -140.873013502704 85.55356987681648 127.77503026762125
v -140.87286867084745 85.55360972177102 116.66502965828516
v -145.79766006618385 88.98091620204472 116.66497774957425
v -145.79751523432734 88.98095604699927 105.55497714023815
v -140.87272383899094 85.55364956672557 105.55502904894905
v -140.8725790071593 85.55368941167328 94.4450303469616
v -145.79737040249566 88.98099589194698 94.44497843825069
v -145.79722557063914 88.9810357369015 83.33497782891459
v -140.87243417530274 85.5537292566278 83.33502973762552
v -140.87228934345245 85.55376910158063 72.22502960512657
v -145.79708073878885 88.98107558185433 72.22497769641566
v -145.79693577658006 88.98111546267032 61.10497781187296
v -140.87214438124366 85.55380898239662 61.10502972058388
v -140.87199954939337 85.55384882734944 49.99502958808493
v -130.61201747577587 78.4136269934459 49.995137731232674
v -130.6119392587559 78.41364851187201 43.995137731781085
v -120.35195718513843 71.27342667796847 43.99524587492881
v -120.35203540215836 71.27340515954236 49.9952458743804
v -110.09205332854087 64.13318332563881 49.99535401752813
v -110.09197511152094 64.13320484406492 43.99535401807654
v -104.75678443323984 60.42028949043508 43.995410252513366
v -104.75673228855989 60.42030383605249 39.99541025287897
v -99.83194089322348 56.992997355778805 39.995462161589884
v -99.83181053154847 56.99303321981549 29.99546406985253
v -104.75660192688488 60.42033970008917 29.995412161141616
v -104.756471565185 60.420375564132684 19.99541216205563
v -99.8316801698486 56.993069083859 19.995464070766545
v -99.8315498081487 56.99310494790252 9.995464071680559
v -104.75634120348509 60.42041142817621 9.995412162969643
v -104.75621084178522 60.42044729221973 -0.004587836116343169
v -110.09140152006633 64.13336264584959 -0.004644070553169399
v -110.09147973708626 64.13334112742346 5.9953559288984195
v -120.35146181070375 71.273562961327 5.995247785750692
v -120.35138359368382 71.27358447975311 -0.004752213700896846
v -130.6113656673013 78.41380631365666 -0.004860356848624292
v -130.61144388432126 78.41378479523055 5.995139642602965
v -140.87142595793873 85.5540066291341 5.995031499455223
v -140.8713477409188 85.55402814756022 -0.004968499996365949
v -151.1313298145363 92.69424998146374 -0.005076643144093396
v -151.13140803155622 92.69422846303763 5.9949233563074955
v -161.39139010517374 99.83445029694117 5.994815213159768
v -161.3913118881538 99.8344718153673 -0.005184786291820842
v -171.65129396177127 106.97469364927083 -0.005292929439562499
v -171.6513721787912 106.97467213084471 5.994707070012026
v -176.98656285707233 110.68758748447456 5.994650835575214
v -176.98663507741625 110.68756761580485 11.534647935898946
v -181.91142647275265 114.11487409607854 11.53459602718803
v -181.91157691016625 114.11483270896903 23.074596941660587
v -176.98678551482985 110.68752622869535 23.074648850371503
v -176.98693595224347 110.68748484158583 34.614649764844074
v -181.91172734757987 114.11479132185951 34.61459785613316
v -181.9118777849686 114.11474993475687 46.1545968632571
v -176.9870863896322 110.68744345448319 46.15464877196801
v -176.98723682703337 110.68740206737709 57.69464873276627
v -181.91202822236977 114.11470854765078 57.69459682405535
v -181.91217852941247 114.11466719640785 69.22459703280984
v -176.98738713407604 110.68736071613417 69.22464894152075
v -176.98753757148344 110.68731932902637 80.76464937915617
v -181.91232896681984 114.11462580930005 80.76459747044527
v -181.91247940420857 114.1145844221974 92.3045964775692
v -176.98768800887217 110.6872779419237 92.30464838628012
v -176.98783844628576 110.68723655481418 103.84464930075268
v -181.91262984162216 114.11454303508788 103.84459739204178
v -181.9127802790358 114.11450164797837 115.38459830651435
v -176.98798888369936 110.68719516770469 115.38465021522525
v -176.98813932106324 110.68715378060887 126.92464731500057
v -181.91293071639964 114.11446026088255 126.92459540628965

vn 0 0 1
vn 0 0 1
vn 0 0 1
vn 0 0 1
vn 0 0 1
vn 0 0 1
vn 0 0 1
vn 0 0 1
vn 0 0 1
vn 0 0 1
vn 0 0 1
vn 0 0 1
vn 0 0 1
vn 0 0 1
vn 0 0 1
vn 0 0 1
vn 0 0 1
vn 0 0 1
vn 0 0 1
vn 0 0 1
vn 0 0 1
vn 0 0 1
vn 0 0 1
vn 0 0 1
vn 0 0 1
vn 0 0 1
vn 0 0 1
vn 0 0 1
vn 0 0 1
vn 0 0 1
vn 0 0 1
vn 0 0 1
vn 0 0 1
vn 0 0 1
vn 0 0 1
vn 0 0 1
vn 0 0 1
vn 0 0 1
vn 0 0 1
vn 0 0 1
vn 0 0 1
vn 0 0 1
vn 0 0 1
vn 0 0 1
vn 0 0 1
vn 0 0 1
vn 0 0 1
vn 0 0 1
vn 0 0 1
vn 0 0 1
vn 0 0 1
vn 0 0 1
vn 0 0 1
vn 0 0 1
vn 0 0 1
vn 0 0 1
vn 0 0 1
vn 0 0 1
vn 0 0 1
vn 0 0 1
vn 0 0 1
vn 0 0 1
vn 0 0 1
vn 0 0 1
vn 0 0 1
vn 0 0 1
vn 0 0 1
vn 0 0 1
vn 0 0 1
vn 0 0 1
vn 0 0 1
vn 0 0 1
vn 0 0 1
vn 0 0 1
vn 0 0 1
vn 0 0 1
vn 0 0 1
vn 0 0 1
vn 0 0 1
vn 0 0 1
vn 0 0 1
vn 0 0 1

vt -25 -13.456666946411133 0.0
vt -19 -13.456666946411133 0.0
vt -19 -18.996665954589844 0.0
vt -15 -18.996665954589844 0.0
vt -15 -24.996665954589844 0.0
vt -5 -24.996665954589844 0.0
vt -5 -18.996665954589844 0.0
vt 5 -18.996665954589844 0.0
vt 5 -24.996665954589844 0.0
vt 15 -24.996665954589844 0.0
vt 15 -18.996665954589844 0.0
vt 25 -18.996665954589844 0.0
vt 25 -13.886666297912598 0.0
vt 19 -13.886666297912598 0.0
vt 19 -2.7766666412353516 0.0
vt 25 -2.7766666412353516 0.0
vt 25 8.333333015441895 0.0
vt 19 8.333333015441895 0.0
vt 19 19.44333267211914 0.0
vt 25 19.44333267211914 0.0
vt 25 30.553333282470703 0.0
vt 19 30.553333282470703 0.0
vt 19 41.663333892822266 0.0
vt 25 41.663333892822266 0.0
vt 25 52.77333450317383 0.0
vt 19 52.77333450317383 0.0
vt 19 63.893333435058594 0.0
vt 25 63.893333435058594 0.0
vt 25 75.00333404541016 0.0
vt 37.5 75.00333404541016 0.0
vt 37.5 81.00333404541016 0.0
vt 50 81.00333404541016 0.0
vt 50 75.00333404541016 0.0
vt 62.5 75.00333404541016 0.0
vt 62.5 81.00333404541016 0.0
vt 69 81.00333404541016 0.0
vt 69 85.00333404541016 0.0
vt 75 85.00333404541016 0.0
vt 75 95.00333404541016 0.0
vt 69 95.00333404541016 0.0
vt 69 105.00333404541016 0.0
vt 75 105.00333404541016 0.0
vt 75 115.00333404541016 0.0
vt 69 115.00333404541016 0.0
vt 69 125.00333404541016 0.0
vt 62.5 125.00333404541016 0.0
vt 62.5 119.00333404541016 0.0
vt 50 119.00333404541016 0.0
vt 50 125.00333404541016 0.0
vt 37.5 125.00333404541016 0.0
vt 37.5 119.00333404541016 0.0
vt 25 119.00333404541016 0.0
vt 25 125.00333404541016 0.0
vt 12.5 125.00333404541016 0.0
vt 12.5 119.00333404541016 0.0
vt -2.1316282072803006e-14 119.00333404541016 0.0
vt -2.1316282072803006e-14 125.00333404541016 0.0
vt -12.5 125.00333404541016 0.0
vt -12.5 119.00333404541016 0.0
vt -19 119.00333404541016 0.0
vt -19 113.46333312988281 0.0
vt -25 113.46333312988281 0.0
vt -25 101.92333221435547 0.0
vt -19 101.92333221435547 0.0
vt -19 90.38333129882812 0.0
vt -25 90.38333129882812 0.0
vt -25 78.84333038330078 0.0
vt -19 78.84333038330078 0.0
vt -19 67.30333709716797 0.0
vt -25 67.30333709716797 0.0
vt -25 55.77333450317383 0.0
vt -19 55.77333450317383 0.0
vt -19 44.233333587646484 0.0
vt -25 44.233333587646484 0.0
vt -25 32.69333267211914 0.0
vt -19 32.69333267211914 0.0
vt -19 21.15333366394043 0.0
vt -25 21.15333366394043 0.0
vt -25 9.613333702087402 0.0
vt -19 9.613333702087402 0.0
vt -19 -1.9266666173934937 0.0
vt -25 -1.9266666173934937 0.0

o 6-plate-frontSurface
usemtl frontSurface
f 1289/1289/1289 1290/1290/1290 1209/1209/1209
f 1210/1210/1210 1211/1211/1211 1212/1212/1212
f 1212/1212/1212 1213/1213/1213 1214/1214/1214
f 1216/1216/1216 1217/1217/1217 1218/1218/1218
f 1219/1219/1219 1220/1220/1220 1221/1221/1221
f 1223/1223/1223 1224/1224/1224 1225/1225/1225
f 1227/1227/1227 1228/1228/1228 1229/1229/1229
f 1231/1231/1231 1232/1232/1232 1233/1233/1233
f 1235/1235/1235 1236/1236/1236 1237/1237/1237
f 1237/1237/1237 1238/1238/1238 1239/1239/1239
f 1240/1240/1240 1241/1241/1241 1242/1242/1242
f 1243/1243/1243 1244/1244/1244 1245/1245/1245
f 1245/1245/1245 1246/1246/1246 1247/1247/1247
f 1249/1249/1249 1250/1250/1250 1251/1251/1251
f 1252/1252/1252 1253/1253/1253 1254/1254/1254
f 1256/1256/1256 1257/1257/1257 1258/1258/1258
f 1260/1260/1260 1261/1261/1261 1262/1262/1262
f 1264/1264/1264 1265/1265/1265 1266/1266/1266
f 1267/1267/1267 1268/1268/1268 1269/1269/1269
f 1269/1269/1269 1270/1270/1270 1271/1271/1271
f 1273/1273/1273 1274/1274/1274 1275/1275/1275
f 1277/1277/1277 1278/1278/1278 1279/1279/1279
f 1281/1281/1281 1282/1282/1282 1283/1283/1283
f 1285/1285/1285 1286/1286/1286 1287/1287/1287
f 1289/1289/1289 1209/1209/1209 1210/1210/1210
f 1210/1210/1210 1212/1212/1212 1214/1214/1214
f 1216/1216/1216 1218/1218/1218 1219/1219/1219
f 1219/1219/1219 1221/1221/1221 1222/1222/1222
f 1223/1223/1223 1225/1225/1225 1226/1226/1226
f 1227/1227/1227 1229/1229/1229 1230/1230/1230
f 1231/1231/1231 1233/1233/1233 1234/1234/1234
f 1240/1240/1240 1242/1242/1242 1243/1243/1243
f 1243/1243/1243 1245/1245/1245 1247/1247/1247
f 1249/1249/1249 1251/1251/1251 1252/1252/1252
f 1252/1252/1252 1254/1254/1254 1255/1255/1255
f 1256/1256/1256 1258/1258/1258 1259/1259/1259
f 1260/1260/1260 1262/1262/1262 1263/1263/1263
f 1264/1264/1264 1266/1266/1266 1267/1267/1267
f 1267/1267/1267 1269/1269/1269 1271/1271/1271
f 1273/1273/1273 1275/1275/1275 1276/1276/1276
f 1277/1277/1277 1279/1279/1279 1280/1280/1280
f 1281/1281/1281 1283/1283/1283 1284/1284/1284
f 1285/1285/1285 1287/1287/1287 1288/1288/1288
f 1289/1289/1289 1210/1210/1210 1214/1214/1214
f 1216/1216/1216 1219/1219/1219 1222/1222/1222
f 1240/1240/1240 1243/1243/1243 1247/1247/1247
f 1249/1249/1249 1252/1252/1252 1255/1255/1255
f 1264/1264/1264 1267/1267/1267 1271/1271/1271
f 1288/1288/1288 1289/1289/1289 1214/1214/1214
f 1215/1215/1215 1216/1216/1216 1222/1222/1222
f 1239/1239/1239 1240/1240/1240 1247/1247/1247
f 1248/1248/1248 1249/1249/1249 1255/1255/1255
f 1263/1263/1263 1264/1264/1264 1271/1271/1271
f 1285/1285/1285 1288/1288/1288 1214/1214/1214
f 1215/1215/1215 1222/1222/1222 1223/1223/1223
f 1239/1239/1239 1247/1247/1247 1248/1248/1248
f 1248/1248/1248 1255/1255/1255 1256/1256/1256
f 1260/1260/1260 1263/1263/1263 1271/1271/1271
f 1284/1284/1284 1285/1285/1285 1214/1214/1214
f 1215/1215/1215 1223/1223/1223 1226/1226/1226
f 1239/1239/1239 1248/1248/1248 1256/1256/1256
f 1259/1259/1259 1260/1260/1260 1271/1271/1271
f 1281/1281/1281 1284/1284/1284 1214/1214/1214
f 1215/1215/1215 1226/1226/1226 1227/1227/1227
f 1237/1237/1237 1239/1239/1239 1256/1256/1256
f 1256/1256/1256 1259/1259/1259 1271/1271/1271
f 1280/1280/1280 1281/1281/1281 1214/1214/1214
f 1215/1215/1215 1227/1227/1227 1230/1230/1230
f 1256/1256/1256 1271/1271/1271 1272/1272/1272
f 1277/1277/1277 1280/1280/1280 1214/1214/1214
f 1215/1215/1215 1230/1230/1230 1231/1231/1231
f 1237/1237/1237 1256/1256/1256 1272/1272/1272
f 1276/1276/1276 1277/1277/1277 1214/1214/1214
f 1215/1215/1215 1231/1231/1231 1234/1234/1234
f 1235/1235/1235 1237/1237/1237 1272/1272/1272
f 1273/1273/1273 1276/1276/1276 1214/1214/1214
f 1215/1215/1215 1234/1234/1234 1235/1235/1235
f 1235/1235/1235 1272/1272/1272 1273/1273/1273
f 1273/1273/1273 1214/1214/1214 1215/1215/1215
f 1215/1215/1215 1235/1235/1235 1273/1273/1273

v -185.34038750324768 109.18962751406812 138.45453565798675
v -180.4155961079113 105.76232103379442 138.45458756669768
v -180.41566832830497 105.76230116511103 143.99458848171867
v -177.13247406474736 103.47743017826191 143.99462308752592
v -177.1325522817673 103.47740865983579 149.99462308697753
v -168.9245666228733 97.76523119271295 149.9947096014957
v -168.92448840585337 97.76525271113906 143.9947096020441
v -160.71650274695938 92.05307524401623 143.9947961165623
v -160.7165809639793 92.05305372559012 149.9947961160139
v -152.5085953050853 86.34087625846729 149.9948826305321
v -152.5085170880654 86.3408977768934 143.9948826310805
v -144.30053142917137 80.62872030977057 143.99496914559867
v -144.3004648143348 80.62873863629899 138.88496853571417
v -149.2252562096712 84.0560451165727 138.88491662700326
v -149.22511137781464 84.05608496152723 127.77491601766717
v -144.30031998247827 80.62877848125353 127.77496792637808
v -144.30017515062173 80.62881832620808 116.66496731704198
v -149.22496654595813 84.05612480648178 116.66491540833107
v -149.2248217141016 84.05616465143632 105.55491479899499
v -144.3000303187652 80.62885817116262 105.55496670770589
v -144.29988548693353 80.62889801611033 94.44496800571842
v -149.22467688226993 84.05620449638403 94.4449160970075
v -149.22453205041342 84.05624434133856 83.33491548767142
v -144.29974065507702 80.62893786106486 83.33496739638232
v -144.29959582322672 80.62897770601768 72.2249672638834
v -149.22438721856312 84.05628418629138 72.22491535517248
v -149.22424225635433 84.05632406710737 61.104915470629784
v -144.29945086101793 80.62901758683367 61.1049673793407
v -144.2993060291676 80.62905743178649 49.99496724684177
v -134.03932395555012 73.48883559788295 49.995075389989495
v -134.0392457385302 73.48885711630906 43.995075390537906
v -123.7792636649127 66.34863528240552 43.99518353368565
v -123.77934188193264 66.34861376397942 49.99518353313724
v -113.51935980831514 59.20839193007586 49.995291676284964
v -113.51928159129521 59.20841344850198 43.995291676833375
v -108.18409091301412 55.49549809487213 43.9953479112702
v -108.18403876833416 55.49551244048954 39.995347911635804
v -103.25924737299776 52.06820596021584 39.995399820346705
v -103.25911701132276 52.068241824252524 29.99540172860935
v -108.18390840665916 55.495548304526224 29.99534981989845
v -108.18377804495927 55.495584168569735 19.995349820812464
v -103.25898664962287 52.06827768829604 19.995401729523365
v -103.25885628792298 52.06831355233956 9.99540173043738
v -108.18364768325937 55.49562003261326 9.995349821726478
v -108.18351732155949 55.49565589665678 -0.004650177359508234
v -113.5187079998406 59.20857125028663 -0.004706411796334464
v -113.51878621686053 59.208549731860515 5.995293587655254
v -123.77876829047803 66.34877156576405 5.995185444507527
v -123.7786900734581 66.34879308419016 -0.004814554944061911
v -134.0386721470756 73.48901491809372 -0.004922698091803568
v -134.0387503640955 73.4889933996676 5.995077301359785
v -144.298732437713 80.62921523357114 5.994969158212058
v -144.2986542206931 80.62923675199727 -0.005030841239531014
v -154.5586362943106 87.7694585859008 -0.005138984387258461
v -154.5587145113305 87.76943706747468 5.9948610150643304
v -164.818696584948 94.90965890137822 5.994752871916589
v -164.81861836792808 94.90968041980435 -0.005247127535000118
v -175.07860044154557 102.04990225370787 -0.005355270682727564
v -175.07867865856548 102.04988073528176 5.994644728768861
v -180.4138693368466 105.7627960889116 5.994588494332035
v -180.41394155719053 105.76277622024189 11.534585594655766
v -185.33873295252693 109.19008270051559 11.53453368594485
v -185.33888338994052 109.19004131340608 23.074534600417408
v -180.41409199460412 105.76273483313238 23.074586509128324
v -180.41424243201774 105.76269344602287 34.614587423600895
v -185.33903382735414 109.18999992629657 34.61453551488998
v -185.33918426474287 109.18995853919392 46.15453452201392
v -180.41439286940647 105.76265205892022 46.154586430724834
v -180.41454330680764 105.76261067181413 57.694586391523075
v -185.33933470214401 109.18991715208783 57.69453448281216
v -185.33948500918672 109.1898758008449 69.22453469156667
v -180.41469361385035 105.7625693205712 69.22458660027758
v -180.41484405125772 105.7625279334634 80.76458703791299
v -185.33963544659412 109.1898344137371 80.76453512920207
v -185.33978588398284 109.18979302663445 92.30453413632603
v -180.41499448864647 105.76248654636075 92.30458604503693
v -180.41514492606007 105.76244515925123 103.84458695950951
v -185.33993632139644 109.18975163952493 103.8445350507986
v -185.34008675881006 109.18971025241542 115.38453596527117
v -180.41529536347366 105.76240377214172 115.38458787398208
v -180.41544580083752 105.7623623850459 126.92458497375739
v -185.34023719617392 109.1896688653196 126.92453306504648

vn 0 0 -1
vn 0 0 -1
vn 0 0 -1
vn 0 0 -1
vn 0 0 -1
vn 0 0 -1
vn 0 0 -1
vn 0 0 -1
vn 0 0 -1
vn 0 0 -1
vn 0 0 -1
vn 0 0 -1
vn 0 0 -1
vn 0 0 -1
vn 0 0 -1
vn 0 0 -1
vn 0 0 -1
vn 0 0 -1
vn 0 0 -1
vn 0 0 -1
vn 0 0 -1
vn 0 0 -1
vn 0 0 -1
vn 0 0 -1
vn 0 0 -1
vn 0 0 -1
vn 0 0 -1
vn 0 0 -1
vn 0 0 -1
vn 0 0 -1
vn 0 0 -1
vn 0 0 -1
vn 0 0 -1
vn 0 0 -1
vn 0 0 -1
vn 0 0 -1
vn 0 0 -1
vn 0 0 -1
vn 0 0 -1
vn 0 0 -1
vn 0 0 -1
vn 0 0 -1
vn 0 0 -1
vn 0 0 -1
vn 0 0 -1
vn 0 0 -1
vn 0 0 -1
vn 0 0 -1
vn 0 0 -1
vn 0 0 -1
vn 0 0 -1
vn 0 0 -1
vn 0 0 -1
vn 0 0 -1
vn 0 0 -1
vn 0 0 -1
vn 0 0 -1
vn 0 0 -1
vn 0 0 -1
vn 0 0 -1
vn 0 0 -1
vn 0 0 -1
vn 0 0 -1
vn 0 0 -1
vn 0 0 -1
vn 0 0 -1
vn 0 0 -1
vn 0 0 -1
vn 0 0 -1
vn 0 0 -1
vn 0 0 -1
vn 0 0 -1
vn 0 0 -1
vn 0 0 -1
vn 0 0 -1
vn 0 0 -1
vn 0 0 -1
vn 0 0 -1
vn 0 0 -1
vn 0 0 -1
vn 0 0 -1
vn 0 0 -1

vt -25 -13.456666946411133 0.0
vt -19 -13.456666946411133 0.0
vt -19 -18.996665954589844 0.0
vt -15 -18.996665954589844 0.0
vt -15 -24.996665954589844 0.0
vt -5 -24.996665954589844 0.0
vt -5 -18.996665954589844 0.0
vt 5 -18.996665954589844 0.0
vt 5 -24.996665954589844 0.0
vt 15 -24.996665954589844 0.0
vt 15 -18.996665954589844 0.0
vt 25 -18.996665954589844 0.0
vt 25 -13.886666297912598 0.0
vt 19 -13.886666297912598 0.0
vt 19 -2.7766666412353516 0.0
vt 25 -2.7766666412353516 0.0
vt 25 8.333333015441895 0.0
vt 19 8.333333015441895 0.0
vt 19 19.44333267211914 0.0
vt 25 19.44333267211914 0.0
vt 25 30.553333282470703 0.0
vt 19 30.553333282470703 0.0
vt 19 41.663333892822266 0.0
vt 25 41.663333892822266 0.0
vt 25 52.77333450317383 0.0
vt 19 52.77333450317383 0.0
vt 19 63.893333435058594 0.0
vt 25 63.893333435058594 0.0
vt 25 75.00333404541016 0.0
vt 37.5 75.00333404541016 0.0
vt 37.5 81.00333404541016 0.0
vt 50 81.00333404541016 0.0
vt 50 75.00333404541016 0.0
vt 62.5 75.00333404541016 0.0
vt 62.5 81.00333404541016 0.0
vt 69 81.00333404541016 0.0
vt 69 85.00333404541016 0.0
vt 75 85.00333404541016 0.0
vt 75 95.00333404541016 0.0
vt 69 95.00333404541016 0.0
vt 69 105.00333404541016 0.0
vt 75 105.00333404541016 0.0
vt 75 115.00333404541016 0.0
vt 69 115.00333404541016 0.0
vt 69 125.00333404541016 0.0
vt 62.5 125.00333404541016 0.0
vt 62.5 119.00333404541016 0.0
vt 50 119.00333404541016 0.0
vt 50 125.00333404541016 0.0
vt 37.5 125.00333404541016 0.0
vt 37.5 119.00333404541016 0.0
vt 25 119.00333404541016 0.0
vt 25 125.00333404541016 0.0
vt 12.5 125.00333404541016 0.0
vt 12.5 119.00333404541016 0.0
vt -2.1316282072803006e-14 119.00333404541016 0.0
vt -2.1316282072803006e-14 125.00333404541016 0.0
vt -12.5 125.00333404541016 0.0
vt -12.5 119.00333404541016 0.0
vt -19 119.00333404541016 0.0
vt -19 113.46333312988281 0.0
vt -25 113.46333312988281 0.0
vt -25 101.92333221435547 0.0
vt -19 101.92333221435547 0.0
vt -19 90.38333129882812 0.0
vt -25 90.38333129882812 0.0
vt -25 78.84333038330078 0.0
vt -19 78.84333038330078 0.0
vt -19 67.30333709716797 0.0
vt -25 67.30333709716797 0.0
vt -25 55.77333450317383 0.0
vt -19 55.77333450317383 0.0
vt -19 44.233333587646484 0.0
vt -25 44.233333587646484 0.0
vt -25 32.69333267211914 0.0
vt -19 32.69333267211914 0.0
vt -19 21.15333366394043 0.0
vt -25 21.15333366394043 0.0
vt -25 9.613333702087402 0.0
vt -19 9.613333702087402 0.0
vt -19 -1.9266666173934937 0.0
vt -25 -1.9266666173934937 0.0

o 6-plate-backSurface
usemtl backSurface
f 1291/1291/1291 1372/1372/1372 1371/1371/1371
f 1294/1294/1294 1293/1293/1293 1292/1292/1292
f 1296/1296/1296 1295/1295/1295 1294/1294/1294
f 1300/1300/1300 1299/1299/1299 1298/1298/1298
f 1303/1303/1303 1302/1302/1302 1301/1301/1301
f 1307/1307/1307 1306/1306/1306 1305/1305/1305
f 1311/1311/1311 1310/1310/1310 1309/1309/1309
f 1315/1315/1315 1314/1314/1314 1313/1313/1313
f 1319/1319/1319 1318/1318/1318 1317/1317/1317
f 1321/1321/1321 1320/1320/1320 1319/1319/1319
f 1324/1324/1324 1323/1323/1323 1322/1322/1322
f 1327/1327/1327 1326/1326/1326 1325/1325/1325
f 1329/1329/1329 1328/1328/1328 1327/1327/1327
f 1333/1333/1333 1332/1332/1332 1331/1331/1331
f 1336/1336/1336 1335/1335/1335 1334/1334/1334
f 1340/1340/1340 1339/1339/1339 1338/1338/1338
f 1344/1344/1344 1343/1343/1343 1342/1342/1342
f 1348/1348/1348 1347/1347/1347 1346/1346/1346
f 1351/1351/1351 1350/1350/1350 1349/1349/1349
f 1353/1353/1353 1352/1352/1352 1351/1351/1351
f 1357/1357/1357 1356/1356/1356 1355/1355/1355
f 1361/1361/1361 1360/1360/1360 1359/1359/1359
f 1365/1365/1365 1364/1364/1364 1363/1363/1363
f 1369/1369/1369 1368/1368/1368 1367/1367/1367
f 1292/1292/1292 1291/1291/1291 1371/1371/1371
f 1296/1296/1296 1294/1294/1294 1292/1292/1292
f 1301/1301/1301 1300/1300/1300 1298/1298/1298
f 1304/1304/1304 1303/1303/1303 1301/1301/1301
f 1308/1308/1308 1307/1307/1307 1305/1305/1305
f 1312/1312/1312 1311/1311/1311 1309/1309/1309
f 1316/1316/1316 1315/1315/1315 1313/1313/1313
f 1325/1325/1325 1324/1324/1324 1322/1322/1322
f 1329/1329/1329 1327/1327/1327 1325/1325/1325
f 1334/1334/1334 1333/1333/1333 1331/1331/1331
f 1337/1337/1337 1336/1336/1336 1334/1334/1334
f 1341/1341/1341 1340/1340/1340 1338/1338/1338
f 1345/1345/1345 1344/1344/1344 1342/1342/1342
f 1349/1349/1349 1348/1348/1348 1346/1346/1346
f 1353/1353/1353 1351/1351/1351 1349/1349/1349
f 1358/1358/1358 1357/1357/1357 1355/1355/1355
f 1362/1362/1362 1361/1361/1361 1359/1359/1359
f 1366/1366/1366 1365/1365/1365 1363/1363/1363
f 1370/1370/1370 1369/1369/1369 1367/1367/1367
f 1296/1296/1296 1292/1292/1292 1371/1371/1371
f 1304/1304/1304 1301/1301/1301 1298/1298/1298
f 1329/1329/1329 1325/1325/1325 1322/1322/1322
f 1337/1337/1337 1334/1334/1334 1331/1331/1331
f 1353/1353/1353 1349/1349/1349 1346/1346/1346
f 1296/1296/1296 1371/1371/1371 1370/1370/1370
f 1304/1304/1304 1298/1298/1298 1297/1297/1297
f 1329/1329/1329 1322/1322/1322 1321/1321/1321
f 1337/1337/1337 1331/1331/1331 1330/1330/1330
f 1353/1353/1353 1346/1346/1346 1345/1345/1345
f 1296/1296/1296 1370/1370/1370 1367/1367/1367
f 1305/1305/1305 1304/1304/1304 1297/1297/1297
f 1330/1330/1330 1329/1329/1329 1321/1321/1321
f 1338/1338/1338 1337/1337/1337 1330/1330/1330
f 1353/1353/1353 1345/1345/1345 1342/1342/1342
f 1296/1296/1296 1367/1367/1367 1366/1366/1366
f 1308/1308/1308 1305/1305/1305 1297/1297/1297
f 1338/1338/1338 1330/1330/1330 1321/1321/1321
f 1353/1353/1353 1342/1342/1342 1341/1341/1341
f 1296/1296/1296 1366/1366/1366 1363/1363/1363
f 1309/1309/1309 1308/1308/1308 1297/1297/1297
f 1338/1338/1338 1321/1321/1321 1319/1319/1319
f 1353/1353/1353 1341/1341/1341 1338/1338/1338
f 1296/1296/1296 1363/1363/1363 1362/1362/1362
f 1312/1312/1312 1309/1309/1309 1297/1297/1297
f 1354/1354/1354 1353/1353/1353 1338/1338/1338
f 1296/1296/1296 1362/1362/1362 1359/1359/1359
f 1313/1313/1313 1312/1312/1312 1297/1297/1297
f 1354/1354/1354 1338/1338/1338 1319/1319/1319
f 1296/1296/1296 1359/1359/1359 1358/1358/1358
f 1316/1316/1316 1313/1313/1313 1297/1297/1297
f 1354/1354/1354 1319/1319/1319 1317/1317/1317
f 1296/1296/1296 1358/1358/1358 1355/1355/1355
f 1317/1317/1317 1316/1316/1316 1297/1297/1297
f 1355/1355/1355 1354/1354/1354 1317/1317/1317
f 1297/1297/1297 1296/1296/1296 1355/1355/1355
f 1355/1355/1355 1317/1317/1317 1297/1297/1297

v -181.9130810234734 114.11441890963107 138.45459799922992
v -176.988289628137 110.68711242935738 138.45464990794085
v -176.9883618485307 110.68709256067399 143.99465082296183
v -173.70516758497308 108.40222157382486 143.9946854287691
v -173.70524580199302 108.40220005539874 149.9946854282207
v -165.49726014309903 102.6900225882759 149.99477194273888
v -165.4971819260791 102.69004410670202 143.99477194328728
v -157.2891962671851 96.97786663957918 143.99485845780546
v -157.28927448420504 96.97784512115307 149.99485845725707
v -149.08128882531102 91.26566765403024 149.99494497177525
v -149.0812106082911 91.26568917245635 143.99494497232365
v -140.87322494939713 85.55351170533352 143.99503148684184
v -140.87315833456051 85.55353003186194 138.88503087695733
v -145.7979497298969 88.98083651213565 138.88497896824643
v -145.7978048980404 88.98087635709018 127.77497835891035
v -140.873013502704 85.55356987681648 127.77503026762125
v -140.87286867084745 85.55360972177102 116.66502965828516
v -145.79766006618385 88.98091620204472 116.66497774957425
v -145.79751523432734 88.98095604699927 105.55497714023815
v -140.87272383899094 85.55364956672557 105.55502904894905
v -140.8725790071593 85.55368941167328 94.4450303469616
v -145.79737040249566 88.98099589194698 94.44497843825069
v -145.79722557063914 88.9810357369015 83.33497782891459
v -140.87243417530274 85.5537292566278 83.33502973762552
v -140.87228934345245 85.55376910158063 72.22502960512657
v -145.79708073878885 88.98107558185433 72.22497769641566
v -145.79693577658006 88.98111546267032 61.10497781187296
v -140.87214438124366 85.55380898239662 61.10502972058388
v -140.87199954939337 85.55384882734944 49.99502958808493
v -130.61201747577587 78.4136269934459 49.995137731232674
v -130.6119392587559 78.41364851187201 43.995137731781085
v -120.35195718513843 71.27342667796847 43.99524587492881
v -120.35203540215836 71.27340515954236 49.9952458743804
v -110.09205332854087 64.13318332563881 49.99535401752813
v -110.09197511152094 64.13320484406492 43.99535401807654
v -104.75678443323984 60.42028949043508 43.995410252513366
v -104.75673228855989 60.42030383605249 39.99541025287897
v -99.83194089322348 56.992997355778805 39.995462161589884
v -99.83181053154847 56.99303321981549 29.99546406985253
v -104.75660192688488 60.42033970008917 29.995412161141616
v -104.756471565185 60.420375564132684 19.99541216205563
v -99.8316801698486 56.993069083859 19.995464070766545
v -99.8315498081487 56.99310494790252 9.995464071680559
v -104.75634120348509 60.42041142817621 9.995412162969643
v -104.75621084178522 60.42044729221973 -0.004587836116343169
v -110.09140152006633 64.13336264584959 -0.004644070553169399
v -110.09147973708626 64.13334112742346 5.9953559288984195
v -120.35146181070375 71.273562961327 5.995247785750692
v -120.35138359368382 71.27358447975311 -0.004752213700896846
v -130.6113656673013 78.41380631365666 -0.004860356848624292
v -130.61144388432126 78.41378479523055 5.995139642602965
v -140.87142595793873 85.5540066291341 5.995031499455223
v -140.8713477409188 85.55402814756022 -0.004968499996365949
v -151.1313298145363 92.69424998146374 -0.005076643144093396
v -151.13140803155622 92.69422846303763 5.9949233563074955
v -161.39139010517374 99.83445029694117 5.994815213159768
v -161.3913118881538 99.8344718153673 -0.005184786291820842
v -171.65129396177127 106.97469364927083 -0.005292929439562499
v -171.6513721787912 106.97467213084471 5.994707070012026
v -176.98656285707233 110.68758748447456 5.994650835575214
v -176.98663507741625 110.68756761580485 11.534647935898946
v -181.91142647275265 114.11487409607854 11.53459602718803
v -181.91157691016625 114.11483270896903 23.074596941660587
v -176.98678551482985 110.68752622869535 23.074648850371503
v -176.98693595224347 110.68748484158583 34.614649764844074
v -181.91172734757987 114.11479132185951 34.61459785613316
v -181.9118777849686 114.11474993475687 46.1545968632571
v -176.9870863896322 110.68744345448319 46.15464877196801
v -176.98723682703337 110.68740206737709 57.69464873276627
v -181.91202822236977 114.11470854765078 57.69459682405535
v -181.91217852941247 114.11466719640785 69.22459703280984
v -176.98738713407604 110.68736071613417 69.22464894152075
v -176.98753757148344 110.68731932902637 80.76464937915617
v -181.91232896681984 114.11462580930005 80.76459747044527
v -181.91247940420857 114.1145844221974 92.3045964775692
v -176.98768800887217 110.6872779419237 92.30464838628012
v -176.98783844628576 110.68723655481418 103.84464930075268
v -181.91262984162216 114.11454303508788 103.84459739204178
v -181.9127802790358 114.11450164797837 115.38459830651435
v -176.98798888369936 110.68719516770469 115.38465021522525
v -176.98813932106324 110.68715378060887 126.92464731500057
v -181.91293071639964 114.11446026088255 126.92459540628965
v -185.34038750324768 109.18962751406812 138.45453565798675
v -180.4155961079113 105.76232103379442 138.45458756669768
v -180.41566832830497 105.76230116511103 143.99458848171867
v -177.13247406474736 103.47743017826191 143.99462308752592
v -177.1325522817673 103.47740865983579 149.99462308697753
v -168.9245666228733 97.76523119271295 149.9947096014957
v -168.92448840585337 97.76525271113906 143.9947096020441
v -160.71650274695938 92.05307524401623 143.9947961165623
v -160.7165809639793 92.05305372559012 149.9947961160139
v -152.5085953050853 86.34087625846729 149.9948826305321
v -152.5085170880654 86.3408977768934 143.9948826310805
v -144.30053142917137 80.62872030977057 143.99496914559867
v -144.3004648143348 80.62873863629899 138.88496853571417
v -149.2252562096712 84.0560451165727 138.88491662700326
v -149.22511137781464 84.05608496152723 127.77491601766717
v -144.30031998247827 80.62877848125353 127.77496792637808
v -144.30017515062173 80.62881832620808 116.66496731704198
v -149.22496654595813 84.05612480648178 116.66491540833107
v -149.2248217141016 84.05616465143632 105.55491479899499
v -144.3000303187652 80.62885817116262 105.55496670770589
v -144.29988548693353 80.62889801611033 94.44496800571842
v -149.22467688226993 84.05620449638403 94.4449160970075
v -149.22453205041342 84.05624434133856 83.33491548767142
v -144.29974065507702 80.62893786106486 83.33496739638232
v -144.29959582322672 80.62897770601768 72.2249672638834
v -149.22438721856312 84.05628418629138 72.22491535517248
v -149.22424225635433 84.05632406710737 61.104915470629784
v -144.29945086101793 80.62901758683367 61.1049673793407
v -144.2993060291676 80.62905743178649 49.99496724684177
v -134.03932395555012 73.48883559788295 49.995075389989495
v -134.0392457385302 73.48885711630906 43.995075390537906
v -123.7792636649127 66.34863528240552 43.99518353368565
v -123.77934188193264 66.34861376397942 49.99518353313724
v -113.51935980831514 59.20839193007586 49.995291676284964
v -113.51928159129521 59.20841344850198 43.995291676833375
v -108.18409091301412 55.49549809487213 43.9953479112702
v -108.18403876833416 55.49551244048954 39.995347911635804
v -103.25924737299776 52.06820596021584 39.995399820346705
v -103.25911701132276 52.068241824252524 29.99540172860935
v -108.18390840665916 55.495548304526224 29.99534981989845
v -108.18377804495927 55.495584168569735 19.995349820812464
v -103.25898664962287 52.06827768829604 19.995401729523365
v -103.25885628792298 52.06831355233956 9.99540173043738
v -108.18364768325937 55.49562003261326 9.995349821726478
v -108.18351732155949 55.49565589665678 -0.004650177359508234
v -113.5187079998406 59.20857125028663 -0.004706411796334464
v -113.51878621686053 59.208549731860515 5.995293587655254
v -123.77876829047803 66.34877156576405 5.995185444507527
v -123.7786900734581 66.34879308419016 -0.004814554944061911
v -134.0386721470756 73.48901491809372 -0.004922698091803568
v -134.0387503640955 73.4889933996676 5.995077301359785
v -144.298732437713 80.62921523357114 5.994969158212058
v -144.2986542206931 80.62923675199727 -0.005030841239531014
v -154.5586362943106 87.7694585859008 -0.005138984387258461
v -154.5587145113305 87.76943706747468 5.9948610150643304
v -164.818696584948 94.90965890137822 5.994752871916589
v -164.81861836792808 94.90968041980435 -0.005247127535000118
v -175.07860044154557 102.04990225370787 -0.005355270682727564
v -175.07867865856548 102.04988073528176 5.994644728768861
v -180.4138693368466 105.7627960889116 5.994588494332035
v -180.41394155719053 105.76277622024189 11.534585594655766
v -185.33873295252693 109.19008270051559 11.53453368594485
v -185.33888338994052 109.19004131340608 23.074534600417408
v -180.41409199460412 105.76273483313238 23.074586509128324
v -180.41424243201774 105.76269344602287 34.614587423600895
v -185.33903382735414 109.18999992629657 34.61453551488998
v -185.33918426474287 109.18995853919392 46.15453452201392
v -180.41439286940647 105.76265205892022 46.154586430724834
v -180.41454330680764 105.76261067181413 57.694586391523075
v -185.33933470214401 109.18991715208783 57.69453448281216
v -185.33948500918672 109.1898758008449 69.22453469156667
v -180.41469361385035 105.7625693205712 69.22458660027758
v -180.41484405125772 105.7625279334634 80.76458703791299
v -185.33963544659412 109.1898344137371 80.76453512920207
v -185.33978588398284 109.18979302663445 92.30453413632603
v -180.41499448864647 105.76248654636075 92.30458604503693
v -180.41514492606007 105.76244515925123 103.84458695950951
v -185.33993632139644 109.18975163952493 103.8445350507986
v -185.34008675881006 109.18971025241542 115.38453596527117
v -180.41529536347366 105.76240377214172 115.38458787398208
v -180.41544580083752 105.7623623850459 126.92458497375739
v -185.34023719617392 109.1896688653196 126.92453306504648

vn -0.6928444504737854 -0.7210870385169983 0
vn -0.8793473839759827 -0.4761808514595032 0
vn -0.5693168640136719 -0.8221181631088257 0
vn -0.9486833214759827 -0.3162277638912201 0
vn -0.2873478829860687 -0.9578262567520142 0
vn 0.7682212591171265 -0.6401844024658203 0
vn 0.2873478829860687 -0.9578262567520142 0
vn -0.7682212591171265 -0.6401844024658203 0
vn -0.2873478829860687 -0.9578262567520142 0
vn 0.7682212591171265 -0.6401844024658203 0
vn 0.2873478829860687 -0.9578262567520142 0
vn 0.714758038520813 -0.6993718147277832 0
vn 0.3917899429798126 0.9200546741485596 0
vn 0.965422511100769 0.2606901228427887 0
vn 0.6793714761734009 -0.7337945103645325 0
vn 0.965422511100769 -0.2606901228427887 0
vn 0.6793714761734009 0.7337945103645325 0
vn 0.965422511100769 0.2606901228427887 0
vn 0.6793714761734009 -0.7337945103645325 0
vn 0.965422511100769 -0.2606901228427887 0
vn 0.6793714761734009 0.7337945103645325 0
vn 0.965422511100769 0.2606901228427887 0
vn 0.6793714761734009 -0.7337945103645325 0
vn 0.965422511100769 -0.2606901228427887 0
vn 0.6793714761734009 0.7337945103645325 0
vn 0.9654815196990967 0.2604716122150421 0
vn 0.679700493812561 -0.7334897518157959 0
vn 0.965422511100769 -0.2606901228427887 0
vn 0.40610456466674805 -0.913826584815979 0
vn 0.6925318241119385 -0.7213873267173767 0
vn 0.23337295651435852 -0.9723873138427734 0
vn -0.6925318241119385 -0.7213873267173767 0
vn -0.23337295651435852 -0.9723873138427734 0
vn 0.6925318241119385 -0.7213873267173767 0
vn 0.4190581738948822 -0.9079594016075134 0
vn 0.7761139869689941 -0.6305926442146301 0
vn 0.3162277638912201 -0.9486833214759827 0
vn 0.9578262567520142 -0.2873478829860687 0
vn 0.6401844024658203 0.7682212591171265 0
vn 0.9578262567520142 0.2873478829860687 0
vn 0.6401844024658203 -0.7682212591171265 0
vn 0.9578262567520142 -0.2873478829860687 0
vn 0.6401844024658203 0.7682212591171265 0
vn 0.9578262567520142 0.2873478829860687 0
vn 0.6097107529640198 0.7926239967346191 0
vn -0.8792919516563416 0.47628316283226013 0
vn -0.23337295651435852 0.9723873138427734 0
vn 0.6925318241119385 0.7213873267173767 0
vn 0.23337295651435852 0.9723873138427734 0
vn -0.6925318241119385 0.7213873267173767 0
vn -0.23337295651435852 0.9723873138427734 0
vn 0.6925318241119385 0.7213873267173767 0
vn 0.23337295651435852 0.9723873138427734 0
vn -0.6925318241119385 0.7213873267173767 0
vn -0.23337295651435852 0.9723873138427734 0
vn 0.6925318241119385 0.7213873267173767 0
vn 0.23337295651435852 0.9723873138427734 0
vn -0.6925318241119385 0.7213873267173767 0
vn -0.4190581738948822 0.9079594016075134 0
vn -0.8625339865684509 0.5059991478919983 0
vn -0.4191541373729706 0.9079150557518005 0
vn -0.9678306579589844 0.251602441072464 0
vn -0.6931567192077637 -0.7207869291305542 0
vn -0.9678306579589844 -0.251602441072464 0
vn -0.6931567192077637 0.7207869291305542 0
vn -0.9678306579589844 0.251602441072464 0
vn -0.6931567192077637 -0.7207869291305542 0
vn -0.9678306579589844 -0.251602441072464 0
vn -0.6931567192077637 0.7207869291305542 0
vn -0.9677775502204895 0.2518068253993988 0
vn -0.6928444504737854 -0.7210870385169983 0
vn -0.9678306579589844 -0.251602441072464 0
vn -0.6931567192077637 0.7207869291305542 0
vn -0.9678306579589844 0.251602441072464 0
vn -0.6931567192077637 -0.7207869291305542 0
vn -0.9678306579589844 -0.251602441072464 0
vn -0.6931567192077637 0.7207869291305542 0
vn -0.9678306579589844 0.251602441072464 0
vn -0.6931567192077637 -0.7207869291305542 0
vn -0.9678306579589844 -0.251602441072464 0
vn -0.6931567192077637 0.7207869291305542 0
vn -0.9677775502204895 0.2518068253993988 0
vn -0.9677775502204895 -0.2518068253993988 0
vn -0.4191541373729706 -0.9079150557518005 0
vn -0.9405840039253235 -0.33956101536750793 0
vn -0.6000000238418579 -0.800000011920929 0
vn -0.7682212591171265 -0.6401844024658203 0
vn 0.2873478829860687 -0.9578262567520142 0
vn 0.7682212591171265 -0.6401844024658203 0
vn -0.2873478829860687 -0.9578262567520142 0
vn -0.7682212591171265 -0.6401844024658203 0
vn 0.2873478829860687 -0.9578262567520142 0
vn 0.7682212591171265 -0.6401844024658203 0
vn 0.24754774570465088 -0.9688757061958313 0
vn 0.8623677492141724 0.5062824487686157 0
vn 0.6793714761734009 0.7337945103645325 0
vn 0.965422511100769 -0.2606901228427887 0
vn 0.6793714761734009 -0.7337945103645325 0
vn 0.965422511100769 0.2606901228427887 0
vn 0.6793714761734009 0.7337945103645325 0
vn 0.965422511100769 -0.2606901228427887 0
vn 0.6793714761734009 -0.7337945103645325 0
vn 0.965422511100769 0.2606901228427887 0
vn 0.6793714761734009 0.7337945103645325 0
vn 0.965422511100769 -0.2606901228427887 0
vn 0.6793714761734009 -0.7337945103645325 0
vn 0.965422511100769 0.2606901228427887 0
vn 0.679700493812561 0.7334897518157959 0
vn 0.9654815196990967 -0.2604716122150421 0
vn 0.6793714761734009 -0.7337945103645325 0
vn 0.8715546131134033 -0.49029844999313354 0
vn 0.23337295651435852 -0.9723873138427734 0
vn 0.6925318241119385 -0.7213873267173767 0
vn -0.23337295651435852 -0.9723873138427734 0
vn -0.6925318241119385 -0.7213873267173767 0
vn 0.23337295651435852 -0.9723873138427734 0
vn 0.8792919516563416 -0.47628316283226013 0
vn 0.29408586025238037 -0.9557790160179138 0
vn 0.800000011920929 -0.6000000238418579 0
vn 0.6401844024658203 -0.7682212591171265 0
vn 0.9578262567520142 0.2873478829860687 0
vn 0.6401844024658203 0.7682212591171265 0
vn 0.9578262567520142 -0.2873478829860687 0
vn 0.6401844024658203 -0.7682212591171265 0
vn 0.9578262567520142 0.2873478829860687 0
vn 0.6401844024658203 0.7682212591171265 0
vn 0.9510340690612793 0.3090860843658447 0
vn -0.4190581738948822 0.9079594016075134 0
vn -0.6925318241119385 0.7213873267173767 0
vn 0.23337295651435852 0.9723873138427734 0
vn 0.6925318241119385 0.7213873267173767 0
vn -0.23337295651435852 0.9723873138427734 0
vn -0.6925318241119385 0.7213873267173767 0
vn 0.23337295651435852 0.9723873138427734 0
vn 0.6925318241119385 0.7213873267173767 0
vn -0.23337295651435852 0.9723873138427734 0
vn -0.6925318241119385 0.7213873267173767 0
vn 0.23337295651435852 0.9723873138427734 0
vn 0.6925318241119385 0.7213873267173767 0
vn -0.23337295651435852 0.9723873138427734 0
vn -0.8792919516563416 0.47628316283226013 0
vn -0.39203956723213196 0.9199483394622803 0
vn -0.8793473839759827 0.4761808514595032 0
vn -0.6931567192077637 0.7207869291305542 0
vn -0.9678306579589844 -0.251602441072464 0
vn -0.6931567192077637 -0.7207869291305542 0
vn -0.9678306579589844 0.251602441072464 0
vn -0.6931567192077637 0.7207869291305542 0
vn -0.9678306579589844 -0.251602441072464 0
vn -0.6931567192077637 -0.7207869291305542 0
vn -0.9678306579589844 0.251602441072464 0
vn -0.6928444504737854 0.7210870385169983 0
vn -0.9677775502204895 -0.2518068253993988 0
vn -0.6931567192077637 -0.7207869291305542 0
vn -0.9678306579589844 0.251602441072464 0
vn -0.6931567192077637 0.7207869291305542 0
vn -0.9678306579589844 -0.251602441072464 0
vn -0.6931567192077637 -0.7207869291305542 0
vn -0.9678306579589844 0.251602441072464 0
vn -0.6931567192077637 0.7207869291305542 0
vn -0.9678306579589844 -0.251602441072464 0
vn -0.6931567192077637 -0.7207869291305542 0
vn -0.9678306579589844 0.251602441072464 0
vn -0.6928444504737854 0.7210870385169983 0

vt 0 0 0.0
vt 6 0 0.0
vt 11.539999961853027 0 0.0
vt 15.539999961853027 0 0.0
vt 21.540000915527344 0 0.0
vt 31.540000915527344 0 0.0
vt 37.540000915527344 0 0.0
vt 47.540000915527344 0 0.0
vt 53.540000915527344 0 0.0
vt 63.540000915527344 0 0.0
vt 69.54000091552734 0 0.0
vt 79.54000091552734 0 0.0
vt 84.6500015258789 0 0.0
vt 90.6500015258789 0 0.0
vt 101.76000213623047 0 0.0
vt 107.76000213623047 0 0.0
vt 118.87000274658203 0 0.0
vt 124.87000274658203 0 0.0
vt 135.97999572753906 0 0.0
vt 141.97999572753906 0 0.0
vt 153.08999633789062 0 0.0
vt 159.08999633789062 0 0.0
vt 170.1999969482422 0 0.0
vt 176.1999969482422 0 0.0
vt 187.30999755859375 0 0.0
vt 193.30999755859375 0 0.0
vt 204.42999267578125 0 0.0
vt 210.42999267578125 0 0.0
vt 221.5399932861328 0 0.0
vt 234.0399932861328 0 0.0
vt 240.0399932861328 0 0.0
vt 252.5399932861328 0 0.0
vt 258.5400085449219 0 0.0
vt 271.0400085449219 0 0.0
vt 277.0400085449219 0 0.0
vt 283.5400085449219 0 0.0
vt 287.5400085449219 0 0.0
vt 293.5400085449219 0 0.0
vt 303.5400085449219 0 0.0
vt 309.5400085449219 0 0.0
vt 319.5400085449219 0 0.0
vt 325.5400085449219 0 0.0
vt 335.5400085449219 0 0.0
vt 341.5400085449219 0 0.0
vt 351.5400085449219 0 0.0
vt 358.0400085449219 0 0.0
vt 364.0400085449219 0 0.0
vt 376.5400085449219 0 0.0
vt 382.5400085449219 0 0.0
vt 395.0400085449219 0 0.0
vt 401.0400085449219 0 0.0
vt 413.5400085449219 0 0.0
vt 419.5400085449219 0 0.0
vt 432.0400085449219 0 0.0
vt 438.0400085449219 0 0.0
vt 450.5400085449219 0 0.0
vt 456.5400085449219 0 0.0
vt 469.0400085449219 0 0.0
vt 475.0400085449219 0 0.0
vt 481.5400085449219 0 0.0
vt 487.0799865722656 0 0.0
vt 493.0799865722656 0 0.0
vt 504.6199951171875 0 0.0
vt 510.6199951171875 0 0.0
vt 522.1599731445312 0 0.0
vt 528.1599731445312 0 0.0
vt 539.7000122070312 0 0.0
vt 545.7000122070312 0 0.0
vt 557.239990234375 0 0.0
vt 563.239990234375 0 0.0
vt 574.77001953125 0 0.0
vt 580.77001953125 0 0.0
vt 592.3099975585938 0 0.0
vt 598.3099975585938 0 0.0
vt 609.8499755859375 0 0.0
vt 615.8499755859375 0 0.0
vt 627.3900146484375 0 0.0
vt 633.3900146484375 0 0.0
vt 644.9299926757812 0 0.0
vt 650.9299926757812 0 0.0
vt 662.469970703125 0 0.0
vt 668.469970703125 0 0.0
vt 0 1 0.0
vt 6 1 0.0
vt 11.539999961853027 1 0.0
vt 15.539999961853027 1 0.0
vt 21.540000915527344 1 0.0
vt 31.540000915527344 1 0.0
vt 37.540000915527344 1 0.0
vt 47.540000915527344 1 0.0
vt 53.540000915527344 1 0.0
vt 63.540000915527344 1 0.0
vt 69.54000091552734 1 0.0
vt 79.54000091552734 1 0.0
vt 84.6500015258789 1 0.0
vt 90.6500015258789 1 0.0
vt 101.76000213623047 1 0.0
vt 107.76000213623047 1 0.0
vt 118.87000274658203 1 0.0
vt 124.87000274658203 1 0.0
vt 135.97999572753906 1 0.0
vt 141.97999572753906 1 0.0
vt 153.08999633789062 1 0.0
vt 159.08999633789062 1 0.0
vt 170.1999969482422 1 0.0
vt 176.1999969482422 1 0.0
vt 187.30999755859375 1 0.0
vt 193.30999755859375 1 0.0
vt 204.42999267578125 1 0.0
vt 210.42999267578125 1 0.0
vt 221.5399932861328 1 0.0
vt 234.0399932861328 1 0.0
vt 240.0399932861328 1 0.0
vt 252.5399932861328 1 0.0
vt 258.5400085449219 1 0.0
vt 271.0400085449219 1 0.0
vt 277.0400085449219 1 0.0
vt 283.5400085449219 1 0.0
vt 287.5400085449219 1 0.0
vt 293.5400085449219 1 0.0
vt 303.5400085449219 1 0.0
vt 309.5400085449219 1 0.0
vt 319.5400085449219 1 0.0
vt 325.5400085449219 1 0.0
vt 335.5400085449219 1 0.0
vt 341.5400085449219 1 0.0
vt 351.5400085449219 1 0.0
vt 358.0400085449219 1 0.0
vt 364.0400085449219 1 0.0
vt 376.5400085449219 1 0.0
vt 382.5400085449219 1 0.0
vt 395.0400085449219 1 0.0
vt 401.0400085449219 1 0.0
vt 413.5400085449219 1 0.0
vt 419.5400085449219 1 0.0
vt 432.0400085449219 1 0.0
vt 438.0400085449219 1 0.0
vt 450.5400085449219 1 0.0
vt 456.5400085449219 1 0.0
vt 469.0400085449219 1 0.0
vt 475.0400085449219 1 0.0
vt 481.5400085449219 1 0.0
vt 487.0799865722656 1 0.0
vt 493.0799865722656 1 0.0
vt 504.6199951171875 1 0.0
vt 510.6199951171875 1 0.0
vt 522.1599731445312 1 0.0
vt 528.1599731445312 1 0.0
vt 539.7000122070312 1 0.0
vt 545.7000122070312 1 0.0
vt 557.239990234375 1 0.0
vt 563.239990234375 1 0.0
vt 574.77001953125 1 0.0
vt 580.77001953125 1 0.0
vt 592.3099975585938 1 0.0
vt 598.3099975585938 1 0.0
vt 609.8499755859375 1 0.0
vt 615.8499755859375 1 0.0
vt 627.3900146484375 1 0.0
vt 633.3900146484375 1 0.0
vt 644.9299926757812 1 0.0
vt 650.9299926757812 1 0.0
vt 662.469970703125 1 0.0
vt 668.469970703125 1 0.0

o 6-plate-outlineSide
usemtl burnededges
f 1373/1373/1373 1455/1455/1455 1456/1456/1456
f 1373/1373/1373 1456/1456/1456 1374/1374/1374
f 1374/1374/1374 1456/1456/1456 1457/1457/1457
f 1374/1374/1374 1457/1457/1457 1375/1375/1375
f 1375/1375/1375 1457/1457/1457 1458/1458/1458
f 1375/1375/1375 1458/1458/1458 1376/1376/1376
f 1376/1376/1376 1458/1458/1458 1459/1459/1459
f 1376/1376/1376 1459/1459/1459 1377/1377/1377
f 1377/1377/1377 1459/1459/1459 1460/1460/1460
f 1377/1377/1377 1460/1460/1460 1378/1378/1378
f 1378/1378/1378 1460/1460/1460 1461/1461/1461
f 1378/1378/1378 1461/1461/1461 1379/1379/1379
f 1379/1379/1379 1461/1461/1461 1462/1462/1462
f 1379/1379/1379 1462/1462/1462 1380/1380/1380
f 1380/1380/1380 1462/1462/1462 1463/1463/1463
f 1380/1380/1380 1463/1463/1463 1381/1381/1381
f 1381/1381/1381 1463/1463/1463 1464/1464/1464
f 1381/1381/1381 1464/1464/1464 1382/1382/1382
f 1382/1382/1382 1464/1464/1464 1465/1465/1465
f 1382/1382/1382 1465/1465/1465 1383/1383/1383
f 1383/1383/1383 1465/1465/1465 1466/1466/1466
f 1383/1383/1383 1466/1466/1466 1384/1384/1384
f 1384/1384/1384 1466/1466/1466 1467/1467/1467
f 1384/1384/1384 1467/1467/1467 1385/1385/1385
f 1385/1385/1385 1467/1467/1467 1468/1468/1468
f 1385/1385/1385 1468/1468/1468 1386/1386/1386
f 1386/1386/1386 1468/1468/1468 1469/1469/1469
f 1386/1386/1386 1469/1469/1469 1387/1387/1387
f 1387/1387/1387 1469/1469/1469 1470/1470/1470
f 1387/1387/1387 1470/1470/1470 1388/1388/1388
f 1388/1388/1388 1470/1470/1470 1471/1471/1471
f 1388/1388/1388 1471/1471/1471 1389/1389/1389
f 1389/1389/1389 1471/1471/1471 1472/1472/1472
f 1389/1389/1389 1472/1472/1472 1390/1390/1390
f 1390/1390/1390 1472/1472/1472 1473/1473/1473
f 1390/1390/1390 1473/1473/1473 1391/1391/1391
f 1391/1391/1391 1473/1473/1473 1474/1474/1474
f 1391/1391/1391 1474/1474/1474 1392/1392/1392
f 1392/1392/1392 1474/1474/1474 1475/1475/1475
f 1392/1392/1392 1475/1475/1475 1393/1393/1393
f 1393/1393/1393 1475/1475/1475 1476/1476/1476
f 1393/1393/1393 1476/1476/1476 1394/1394/1394
f 1394/1394/1394 1476/1476/1476 1477/1477/1477
f 1394/1394/1394 1477/1477/1477 1395/1395/1395
f 1395/1395/1395 1477/1477/1477 1478/1478/1478
f 1395/1395/1395 1478/1478/1478 1396/1396/1396
f 1396/1396/1396 1478/1478/1478 1479/1479/1479
f 1396/1396/1396 1479/1479/1479 1397/1397/1397
f 1397/1397/1397 1479/1479/1479 1480/1480/1480
f 1397/1397/1397 1480/1480/1480 1398/1398/1398
f 1398/1398/1398 1480/1480/1480 1481/1481/1481
f 1398/1398/1398 1481/1481/1481 1399/1399/1399
f 1399/1399/1399 1481/1481/1481 1482/1482/1482
f 1399/1399/1399 1482/1482/1482 1400/1400/1400
f 1400/1400/1400 1482/1482/1482 1483/1483/1483
f 1400/1400/1400 1483/1483/1483 1401/1401/1401
f 1401/1401/1401 1483/1483/1483 1484/1484/1484
f 1401/1401/1401 1484/1484/1484 1402/1402/1402
f 1402/1402/1402 1484/1484/1484 1485/1485/1485
f 1402/1402/1402 1485/1485/1485 1403/1403/1403
f 1403/1403/1403 1485/1485/1485 1486/1486/1486
f 1403/1403/1403 1486/1486/1486 1404/1404/1404
f 1404/1404/1404 1486/1486/1486 1487/1487/1487
f 1404/1404/1404 1487/1487/1487 1405/1405/1405
f 1405/1405/1405 1487/1487/1487 1488/1488/1488
f 1405/1405/1405 1488/1488/1488 1406/1406/1406
f 1406/1406/1406 1488/1488/1488 1489/1489/1489
f 1406/1406/1406 1489/1489/1489 1407/1407/1407
f 1407/1407/1407 1489/1489/1489 1490/1490/1490
f 1407/1407/1407 1490/1490/1490 1408/1408/1408
f 1408/1408/1408 1490/1490/1490 1491/1491/1491
f 1408/1408/1408 1491/1491/1491 1409/1409/1409
f 1409/1409/1409 1491/1491/1491 1492/1492/1492
f 1409/1409/1409 1492/1492/1492 1410/1410/1410
f 1410/1410/1410 1492/1492/1492 1493/1493/1493
f 1410/1410/1410 1493/1493/1493 1411/1411/1411
f 1411/1411/1411 1493/1493/1493 1494/1494/1494
f 1411/1411/1411 1494/1494/1494 1412/1412/1412
f 1412/1412/1412 1494/1494/1494 1495/1495/1495
f 1412/1412/1412 1495/1495/1495 1413/1413/1413
f 1413/1413/1413 1495/1495/1495 1496/1496/1496
f 1413/1413/1413 1496/1496/1496 1414/1414/1414
f 1414/1414/1414 1496/1496/1496 1497/1497/1497
f 1414/1414/1414 1497/1497/1497 1415/1415/1415
f 1415/1415/1415 1497/1497/1497 1498/1498/1498
f 1415/1415/1415 1498/1498/1498 1416/1416/1416
f 1416/1416/1416 1498/1498/1498 1499/1499/1499
f 1416/1416/1416 1499/1499/1499 1417/1417/1417
f 1417/1417/1417 1499/1499/1499 1500/1500/1500
f 1417/1417/1417 1500/1500/1500 1418/1418/1418
f 1418/1418/1418 1500/1500/1500 1501/1501/1501
f 1418/1418/1418 1501/1501/1501 1419/1419/1419
f 1419/1419/1419 1501/1501/1501 1502/1502/1502
f 1419/1419/1419 1502/1502/1502 1420/1420/1420
f 1420/1420/1420 1502/1502/1502 1503/1503/1503
f 1420/1420/1420 1503/1503/1503 1421/1421/1421
f 1421/1421/1421 1503/1503/1503 1504/1504/1504
f 1421/1421/1421 1504/1504/1504 1422/1422/1422
f 1422/1422/1422 1504/1504/1504 1505/1505/1505
f 1422/1422/1422 1505/1505/1505 1423/1423/1423
f 1423/1423/1423 1505/1505/1505 1506/1506/1506
f 1423/1423/1423 1506/1506/1506 1424/1424/1424
f 1424/1424/1424 1506/1506/1506 1507/1507/1507
f 1424/1424/1424 1507/1507/1507 1425/1425/1425
f 1425/1425/1425 1507/1507/1507 1508/1508/1508
f 1425/1425/1425 1508/1508/1508 1426/1426/1426
f 1426/1426/1426 1508/1508/1508 1509/1509/1509
f 1426/1426/1426 1509/1509/1509 1427/1427/1427
f 1427/1427/1427 1509/1509/1509 1510/1510/1510
f 1427/1427/1427 1510/1510/1510 1428/1428/1428
f 1428/1428/1428 1510/1510/1510 1511/1511/1511
f 1428/1428/1428 1511/1511/1511 1429/1429/1429
f 1429/1429/1429 1511/1511/1511 1512/1512/1512
f 1429/1429/1429 1512/1512/1512 1430/1430/1430
f 1430/1430/1430 1512/1512/1512 1513/1513/1513
f 1430/1430/1430 1513/1513/1513 1431/1431/1431
f 1431/1431/1431 1513/1513/1513 1514/1514/1514
f 1431/1431/1431 1514/1514/1514 1432/1432/1432
f 1432/1432/1432 1514/1514/1514 1515/1515/1515
f 1432/1432/1432 1515/1515/1515 1433/1433/1433
f 1433/1433/1433 1515/1515/1515 1516/1516/1516
f 1433/1433/1433 1516/1516/1516 1434/1434/1434
f 1434/1434/1434 1516/1516/1516 1517/1517/1517
f 1434/1434/1434 1517/1517/1517 1435/1435/1435
f 1435/1435/1435 1517/1517/1517 1518/1518/1518
f 1435/1435/1435 1518/1518/1518 1436/1436/1436
f 1436/1436/1436 1518/1518/1518 1519/1519/1519
f 1436/1436/1436 1519/1519/1519 1437/1437/1437
f 1437/1437/1437 1519/1519/1519 1520/1520/1520
f 1437/1437/1437 1520/1520/1520 1438/1438/1438
f 1438/1438/1438 1520/1520/1520 1521/1521/1521
f 1438/1438/1438 1521/1521/1521 1439/1439/1439
f 1439/1439/1439 1521/1521/1521 1522/1522/1522
f 1439/1439/1439 1522/1522/1522 1440/1440/1440
f 1440/1440/1440 1522/1522/1522 1523/1523/1523
f 1440/1440/1440 1523/1523/1523 1441/1441/1441
f 1441/1441/1441 1523/1523/1523 1524/1524/1524
f 1441/1441/1441 1524/1524/1524 1442/1442/1442
f 1442/1442/1442 1524/1524/1524 1525/1525/1525
f 1442/1442/1442 1525/1525/1525 1443/1443/1443
f 1443/1443/1443 1525/1525/1525 1526/1526/1526
f 1443/1443/1443 1526/1526/1526 1444/1444/1444
f 1444/1444/1444 1526/1526/1526 1527/1527/1527
f 1444/1444/1444 1527/1527/1527 1445/1445/1445
f 1445/1445/1445 1527/1527/1527 1528/1528/1528
f 1445/1445/1445 1528/1528/1528 1446/1446/1446
f 1446/1446/1446 1528/1528/1528 1529/1529/1529
f 1446/1446/1446 1529/1529/1529 1447/1447/1447
f 1447/1447/1447 1529/1529/1529 1530/1530/1530
f 1447/1447/1447 1530/1530/1530 1448/1448/1448
f 1448/1448/1448 1530/1530/1530 1531/1531/1531
f 1448/1448/1448 1531/1531/1531 1449/1449/1449
f 1449/1449/1449 1531/1531/1531 1532/1532/1532
f 1449/1449/1449 1532/1532/1532 1450/1450/1450
f 1450/1450/1450 1532/1532/1532 1533/1533/1533
f 1450/1450/1450 1533/1533/1533 1451/1451/1451
f 1451/1451/1451 1533/1533/1533 1534/1534/1534
f 1451/1451/1451 1534/1534/1534 1452/1452/1452
f 1452/1452/1452 1534/1534/1534 1535/1535/1535
f 1452/1452/1452 1535/1535/1535 1453/1453/1453
f 1453/1453/1453 1535/1535/1535 1536/1536/1536
f 1453/1453/1453 1536/1536/1536 1454/1454/1454
f 1454/1454/1454 1536/1536/1536 1455/1455/1455
f 1454/1454/1454 1455/1455/1455 1373/1373/1373




o 6-plate-holeSide
usemtl burnededges

v -200.21356317067233 65.93438518210348 105.99751905279048
v -200.2134849536524 65.93440670052959 99.99751905333889
v -205.5486756319335 69.64732205415945 99.99746281890206
v -205.54853080007697 69.64736189911399 88.88746220956597
v -210.47332219541337 73.07466837938769 88.88741030085507
v -210.47317736358173 73.0747082243354 77.7774115988676
v -205.54838596824533 69.6474017440617 77.77746350757852
v -205.5482411363888 69.64744158901624 66.66746289824243
v -210.4730325317252 73.07474806928994 66.6674109895315
v -210.4728876998749 73.07478791424276 55.557410857032565
v -205.5480963045385 69.64748143396908 55.55746276574348
v -205.54795134232972 69.64752131478505 44.43746288120079
v -210.47274273766612 73.07482779505875 44.43741097248987
v -210.4725979058158 73.0748676400116 33.32741083999095
v -205.5478065104794 69.6475611597379 33.32746274870186
v -205.5476616786229 69.64760100469243 22.217462139365765
v -210.4724530739593 73.07490748496615 22.21741023065485
v -210.47230824212764 73.07494732991384 11.107411528667399
v -205.54751684679124 69.64764084964015 11.107463437378314
v -205.54737201493472 69.6476806945947 -0.0025371719577691465
v -200.21218133665363 65.93476534096484 -0.0024809375209429163
v -200.21225955367353 65.93474382253874 5.997519061930646
v -189.95227748005604 58.794521988635196 5.997627205078373
v -189.95219926303614 58.794543507061306 -0.002372794373229681
v -179.6922171894186 51.65432167315776 -0.0022646512255022344
v -179.69229540643855 51.654300154731644 5.997735348226101
v -169.43231333282108 44.5140783208281 5.9978434913738425
v -169.43223511580115 44.514099839254214 -0.002156508077760577
v -159.17225304218366 37.37387800535066 -0.002048364930033131
v -159.1723312592036 37.37385648692455 5.99795163452157
v -148.9123491855861 30.233634653021006 5.998059777669297
v -148.91227096856616 30.233656171447123 -0.0019402217823056844
v -138.65228889494867 23.093434337543574 -0.001832078634578238
v -138.6523671119686 23.09341281911746 5.998167920817025
v -133.3171764336875 19.380497465487615 5.998224155253837
v -133.31722857836746 19.380483119870203 9.99822415488822
v -128.39243718303106 15.953176639596503 9.998276063599135
v -128.39256754473092 15.953140775552978 19.99827606268512
v -133.31735894006732 19.380447255826677 19.998224153974206
v -133.31748930176718 19.380411391783145 29.998224153060193
v -128.39269790643078 15.953104911509445 29.998276061771108
v -128.39282826813067 15.953069047465924 39.998276060857094
v -133.31761966346707 19.380375527739623 39.99822415214618
v -133.31775002516696 19.3803396636961 49.998224151232165
v -136.60094428872455 21.66521065054524 49.99818954542489
v -136.60086607170462 21.665232168971354 43.998189545973304
v -144.80885173059863 27.377409636094185 43.998103031455116
v -144.80892994761854 27.377388117668076 49.998103030906705
v -153.01691560651255 33.08956558479091 49.99801651638852
v -153.01683738949262 33.08958710321703 43.99801651693693
v -161.2248230483866 38.80176457033986 43.99793000241874
v -161.22490126540654 38.80174305191375 49.99793000187033
v -169.43288692430053 44.51392051903659 49.997843487352156
v -169.4330498764254 44.51387568898218 62.49784348620963
v -174.35784127176177 47.94118216925588 62.497791577498724
v -174.3580042238866 47.941137339201475 74.9977915763562
v -169.43321282855024 44.513830858927776 74.99784348506711
v -169.43337578067508 44.51378602887337 87.49784348392458
v -174.35816717601148 47.941092509147076 87.49779157521368
v -174.35840834515625 47.941026160666546 105.99779157352276
v -179.69359902343734 51.65394151429639 105.99773533908593
v -179.6935208064174 51.65396303272251 99.99773533963435
v -189.9535028800349 58.794184866626054 99.99762719648662
v -189.95358109705484 58.79416334819994 105.99762719593821

vn 0 0 1
vn 0 0 1
vn 0 0 1
vn 0 0 1
vn 0 0 1
vn 0 0 1
vn 0 0 1
vn 0 0 1
vn 0 0 1
vn 0 0 1
vn 0 0 1
vn 0 0 1
vn 0 0 1
vn 0 0 1
vn 0 0 1
vn 0 0 1
vn 0 0 1
vn 0 0 1
vn 0 0 1
vn 0 0 1
vn 0 0 1
vn 0 0 1
vn 0 0 1
vn 0 0 1
vn 0 0 1
vn 0 0 1
vn 0 0 1
vn 0 0 1
vn 0 0 1
vn 0 0 1
vn 0 0 1
vn 0 0 1
vn 0 0 1
vn 0 0 1
vn 0 0 1
vn 0 0 1
vn 0 0 1
vn 0 0 1
vn 0 0 1
vn 0 0 1
vn 0 0 1
vn 0 0 1
vn 0 0 1
vn 0 0 1
vn 0 0 1
vn 0 0 1
vn 0 0 1
vn 0 0 1
vn 0 0 1
vn 0 0 1
vn 0 0 1
vn 0 0 1
vn 0 0 1
vn 0 0 1
vn 0 0 1
vn 0 0 1
vn 0 0 1
vn 0 0 1
vn 0 0 1
vn 0 0 1
vn 0 0 1
vn 0 0 1
vn 0 0 1
vn 0 0 1

vt -31 -12.5 0.0
vt -25 -12.5 0.0
vt -25 -19 0.0
vt -13.890000343322754 -19 0.0
vt -13.890000343322754 -25 0.0
vt -2.7799999713897705 -25 0.0
vt -2.7799999713897705 -19 0.0
vt 8.329999923706055 -19 0.0
vt 8.329999923706055 -25 0.0
vt 19.440000534057617 -25 0.0
vt 19.440000534057617 -19 0.0
vt 30.559999465942383 -19 0.0
vt 30.559999465942383 -25 0.0
vt 41.66999816894531 -25 0.0
vt 41.66999816894531 -19 0.0
vt 52.779998779296875 -19 0.0
vt 52.779998779296875 -25 0.0
vt 63.88999938964844 -25 0.0
vt 63.88999938964844 -19 0.0
vt 75 -19 0.0
vt 75 -12.5 0.0
vt 69 -12.5 0.0
vt 69 -1.7763568394002505e-14 0.0
vt 75 -1.7763568394002505e-14 0.0
vt 75 12.5 0.0
vt 69 12.5 0.0
vt 69 25 0.0
vt 75 25 0.0
vt 75 37.5 0.0
vt 69 37.5 0.0
vt 69 50 0.0
vt 75 50 0.0
vt 75 62.5 0.0
vt 69 62.5 0.0
vt 69 69 0.0
vt 65 69 0.0
vt 65 75 0.0
vt 55 75 0.0
vt 55 69 0.0
vt 45 69 0.0
vt 45 75 0.0
vt 35 75 0.0
vt 35 69 0.0
vt 25 69 0.0
vt 25 65 0.0
vt 31 65 0.0
vt 31 55 0.0
vt 25 55 0.0
vt 25 45 0.0
vt 31 45 0.0
vt 31 35 0.0
vt 25 35 0.0
vt 25 25 0.0
vt 12.5 25 0.0
vt 12.5 19 0.0
vt -7.105427357601002e-15 19 0.0
vt -7.105427357601002e-15 25 0.0
vt -12.5 25 0.0
vt -12.5 19 0.0
vt -31 19 0.0
vt -31 12.5 0.0
vt -25 12.5 0.0
vt -25 -1.7763568394002505e-14 0.0
vt -31 -1.7763568394002505e-14 0.0

o 7-plate-frontSurface
usemtl frontSurface
f 1599/1599/1599 1600/1600/1600 1537/1537/1537
f 1538/1538/1538 1539/1539/1539 1540/1540/1540
f 1540/1540/1540 1541/1541/1541 1542/1542/1542
f 1544/1544/1544 1545/1545/1545 1546/1546/1546
f 1548/1548/1548 1549/1549/1549 1550/1550/1550
f 1552/1552/1552 1553/1553/1553 1554/1554/1554
f 1555/1555/1555 1556/1556/1556 1557/1557/1557
f 1559/1559/1559 1560/1560/1560 1561/1561/1561
f 1563/1563/1563 1564/1564/1564 1565/1565/1565
f 1567/1567/1567 1568/1568/1568 1569/1569/1569
f 1570/1570/1570 1571/1571/1571 1572/1572/1572
f 1572/1572/1572 1573/1573/1573 1574/1574/1574
f 1576/1576/1576 1577/1577/1577 1578/1578/1578
f 1579/1579/1579 1580/1580/1580 1581/1581/1581
f 1583/1583/1583 1584/1584/1584 1585/1585/1585
f 1587/1587/1587 1588/1588/1588 1589/1589/1589
f 1589/1589/1589 1590/1590/1590 1591/1591/1591
f 1592/1592/1592 1593/1593/1593 1594/1594/1594
f 1595/1595/1595 1596/1596/1596 1597/1597/1597
f 1599/1599/1599 1537/1537/1537 1538/1538/1538
f 1538/1538/1538 1540/1540/1540 1542/1542/1542
f 1544/1544/1544 1546/1546/1546 1547/1547/1547
f 1548/1548/1548 1550/1550/1550 1551/1551/1551
f 1552/1552/1552 1554/1554/1554 1555/1555/1555
f 1555/1555/1555 1557/1557/1557 1558/1558/1558
f 1559/1559/1559 1561/1561/1561 1562/1562/1562
f 1563/1563/1563 1565/1565/1565 1566/1566/1566
f 1567/1567/1567 1569/1569/1569 1570/1570/1570
f 1570/1570/1570 1572/1572/1572 1574/1574/1574
f 1576/1576/1576 1578/1578/1578 1579/1579/1579
f 1579/1579/1579 1581/1581/1581 1582/1582/1582
f 1583/1583/1583 1585/1585/1585 1586/1586/1586
f 1592/1592/1592 1594/1594/1594 1595/1595/1595
f 1595/1595/1595 1597/1597/1597 1598/1598/1598
f 1599/1599/1599 1538/1538/1538 1542/1542/1542
f 1552/1552/1552 1555/1555/1555 1558/1558/1558
f 1567/1567/1567 1570/1570/1570 1574/1574/1574
f 1576/1576/1576 1579/1579/1579 1582/1582/1582
f 1592/1592/1592 1595/1595/1595 1598/1598/1598
f 1598/1598/1598 1599/1599/1599 1542/1542/1542
f 1551/1551/1551 1552/1552/1552 1558/1558/1558
f 1566/1566/1566 1567/1567/1567 1574/1574/1574
f 1575/1575/1575 1576/1576/1576 1582/1582/1582
f 1591/1591/1591 1592/1592/1592 1598/1598/1598
f 1598/1598/1598 1542/1542/1542 1543/1543/1543
f 1548/1548/1548 1551/1551/1551 1558/1558/1558
f 1563/1563/1563 1566/1566/1566 1574/1574/1574
f 1575/1575/1575 1582/1582/1582 1583/1583/1583
f 1591/1591/1591 1598/1598/1598 1543/1543/1543
f 1547/1547/1547 1548/1548/1548 1558/1558/1558
f 1562/1562/1562 1563/1563/1563 1574/1574/1574
f 1575/1575/1575 1583/1583/1583 1586/1586/1586
f 1589/1589/1589 1591/1591/1591 1543/1543/1543
f 1544/1544/1544 1547/1547/1547 1558/1558/1558
f 1559/1559/1559 1562/1562/1562 1574/1574/1574
f 1575/1575/1575 1586/1586/1586 1587/1587/1587
f 1589/1589/1589 1543/1543/1543 1544/1544/1544
f 1544/1544/1544 1558/1558/1558 1559/1559/1559
f 1559/1559/1559 1574/1574/1574 1575/1575/1575
f 1575/1575/1575 1587/1587/1587 1589/1589/1589
f 1589/1589/1589 1544/1544/1544 1559/1559/1559
f 1559/1559/1559 1575/1575/1575 1589/1589/1589

v -196.78625669089806 70.85917657766643 105.99758139403365
v -196.78617847387812 70.85919809609254 99.99758139458206
v -202.12136915215922 74.5721134497224 99.99752516014524
v -202.1212243203027 74.57215329467694 88.88752455080915
v -207.0460157156391 77.99945977495064 88.88747264209823
v -207.04587088380745 77.99949961989834 77.77747394011078
v -202.12107948847105 74.57219313962464 77.77752584882168
v -202.12093465661454 74.57223298457919 66.6675252394856
v -207.0457260519509 77.99953946485289 66.66747333077468
v -207.04558122010062 77.99957930980571 55.557473198275744
v -202.12078982476422 74.57227282953201 55.557525106986645
v -202.12064486255545 74.57231271034802 44.43752522244395
v -207.04543625789185 77.99961919062171 44.43747331373305
v -207.04529142604153 77.99965903557455 33.327473181234126
v -202.12050003070513 74.57235255530085 33.32752508994503
v -202.1203551988486 74.57239240025538 22.21752448060893
v -207.045146594185 77.9996988805291 22.21747257189803
v -207.04500176235337 77.99973872547679 11.107473869910578
v -202.12021036701697 74.57243224520309 11.10752577862148
v -202.12006553516045 74.57247209015765 -0.0024748307146040815
v -196.78487485687936 70.8595567365278 -0.0024185962777778514
v -196.78495307389926 70.85953521810168 5.997581403173811
v -186.52497100028177 63.719313384198145 5.9976895463215385
v -186.52489278326186 63.719334902624254 -0.002310453130064616
v -176.26491070964437 56.579113068720716 -0.0022023099823229586
v -176.26498892666427 56.57909155029459 5.99779768946928
v -166.00500685304678 49.438869716391046 5.997905832617008
v -166.00492863602688 49.43889123481716 -0.0020941668345955122
v -155.74494656240938 42.29866940091362 -0.001986023686868066
v -155.7450247794293 42.2986478824875 5.998013975764735
v -145.4850427058118 35.158426048583955 5.998122118912477
v -145.4849644887919 35.15844756701007 -0.0018778805391264086
v -135.2249824151744 28.018225733106526 -0.001769737391413173
v -135.2250606321943 28.01820421468041 5.99823026206019
v -129.8898699539132 24.305288861050563 5.998286496497016
v -129.88992209859316 24.305274515433155 9.9982864961314
v -124.96513070325678 20.877968035159455 9.998338404842315
v -124.96526106495665 20.877932171115926 19.9983384039283
v -129.89005246029305 24.30523865138963 19.998286495217386
v -129.89018282199294 24.305202787346097 29.998286494303372
v -124.96539142665652 20.877896307072398 29.998338403014287
v -124.9655217883564 20.877860443028872 39.99833840210026
v -129.8903131836928 24.305166923302572 39.998286493389344
v -129.89044354539269 24.305131059259047 49.998286492475344
v -133.17363780895028 26.59000204610819 49.99825188666807
v -133.17355959193037 26.590023564534306 43.99825188721647
v -141.38154525082433 32.30220103165714 43.998165372698296
v -141.38162346784426 32.302179513231025 49.998165372149884
v -149.58960912673825 38.01435698035386 49.9980788576317
v -149.58953090971835 38.014378498779976 43.99807885818011
v -157.79751656861234 43.72655596590282 43.99799234366192
v -157.79759478563227 43.7265344474767 49.99799234311351
v -166.00558044452626 49.43871191459954 49.99790582859532
v -166.0057433966511 49.43866708454513 62.497905827452804
v -170.9305347919875 52.86597356481883 62.497853918741896
v -170.93069774411236 52.865928734764424 74.99785391759937
v -166.00590634877597 49.438622254490724 74.99790582631029
v -166.0060693009008 49.43857742443632 87.49790582516776
v -170.9308606962372 52.865883904710024 87.49785391645685
v -170.93110186538198 52.8658175562295 105.99785391476593
v -176.26629254366307 56.57873290985934 105.99779768032911
v -176.26621432664314 56.578754428285464 99.99779768087751
v -186.52619640026063 63.718976262189 99.99768953772978
v -186.52627461728056 63.71895474376289 105.99768953718137

vn 0 0 -1
vn 0 0 -1
vn 0 0 -1
vn 0 0 -1
vn 0 0 -1
vn 0 0 -1
vn 0 0 -1
vn 0 0 -1
vn 0 0 -1
vn 0 0 -1
vn 0 0 -1
vn 0 0 -1
vn 0 0 -1
vn 0 0 -1
vn 0 0 -1
vn 0 0 -1
vn 0 0 -1
vn 0 0 -1
vn 0 0 -1
vn 0 0 -1
vn 0 0 -1
vn 0 0 -1
vn 0 0 -1
vn 0 0 -1
vn 0 0 -1
vn 0 0 -1
vn 0 0 -1
vn 0 0 -1
vn 0 0 -1
vn 0 0 -1
vn 0 0 -1
vn 0 0 -1
vn 0 0 -1
vn 0 0 -1
vn 0 0 -1
vn 0 0 -1
vn 0 0 -1
vn 0 0 -1
vn 0 0 -1
vn 0 0 -1
vn 0 0 -1
vn 0 0 -1
vn 0 0 -1
vn 0 0 -1
vn 0 0 -1
vn 0 0 -1
vn 0 0 -1
vn 0 0 -1
vn 0 0 -1
vn 0 0 -1
vn 0 0 -1
vn 0 0 -1
vn 0 0 -1
vn 0 0 -1
vn 0 0 -1
vn 0 0 -1
vn 0 0 -1
vn 0 0 -1
vn 0 0 -1
vn 0 0 -1
vn 0 0 -1
vn 0 0 -1
vn 0 0 -1
vn 0 0 -1

vt -31 -12.5 0.0
vt -25 -12.5 0.0
vt -25 -19 0.0
vt -13.890000343322754 -19 0.0
vt -13.890000343322754 -25 0.0
vt -2.7799999713897705 -25 0.0
vt -2.7799999713897705 -19 0.0
vt 8.329999923706055 -19 0.0
vt 8.329999923706055 -25 0.0
vt 19.440000534057617 -25 0.0
vt 19.440000534057617 -19 0.0
vt 30.559999465942383 -19 0.0
vt 30.559999465942383 -25 0.0
vt 41.66999816894531 -25 0.0
vt 41.66999816894531 -19 0.0
vt 52.779998779296875 -19 0.0
vt 52.779998779296875 -25 0.0
vt 63.88999938964844 -25 0.0
vt 63.88999938964844 -19 0.0
vt 75 -19 0.0
vt 75 -12.5 0.0
vt 69 -12.5 0.0
vt 69 -1.7763568394002505e-14 0.0
vt 75 -1.7763568394002505e-14 0.0
vt 75 12.5 0.0
vt 69 12.5 0.0
vt 69 25 0.0
vt 75 25 0.0
vt 75 37.5 0.0
vt 69 37.5 0.0
vt 69 50 0.0
vt 75 50 0.0
vt 75 62.5 0.0
vt 69 62.5 0.0
vt 69 69 0.0
vt 65 69 0.0
vt 65 75 0.0
vt 55 75 0.0
vt 55 69 0.0
vt 45 69 0.0
vt 45 75 0.0
vt 35 75 0.0
vt 35 69 0.0
vt 25 69 0.0
vt 25 65 0.0
vt 31 65 0.0
vt 31 55 0.0
vt 25 55 0.0
vt 25 45 0.0
vt 31 45 0.0
vt 31 35 0.0
vt 25 35 0.0
vt 25 25 0.0
vt 12.5 25 0.0
vt 12.5 19 0.0
vt -7.105427357601002e-15 19 0.0
vt -7.105427357601002e-15 25 0.0
vt -12.5 25 0.0
vt -12.5 19 0.0
vt -31 19 0.0
vt -31 12.5 0.0
vt -25 12.5 0.0
vt -25 -1.7763568394002505e-14 0.0
vt -31 -1.7763568394002505e-14 0.0

o 7-plate-backSurface
usemtl backSurface
f 1601/1601/1601 1664/1664/1664 1663/1663/1663
f 1604/1604/1604 1603/1603/1603 1602/1602/1602
f 1606/1606/1606 1605/1605/1605 1604/1604/1604
f 1610/1610/1610 1609/1609/1609 1608/1608/1608
f 1614/1614/1614 1613/1613/1613 1612/1612/1612
f 1618/1618/1618 1617/1617/1617 1616/1616/1616
f 1621/1621/1621 1620/1620/1620 1619/1619/1619
f 1625/1625/1625 1624/1624/1624 1623/1623/1623
f 1629/1629/1629 1628/1628/1628 1627/1627/1627
f 1633/1633/1633 1632/1632/1632 1631/1631/1631
f 1636/1636/1636 1635/1635/1635 1634/1634/1634
f 1638/1638/1638 1637/1637/1637 1636/1636/1636
f 1642/1642/1642 1641/1641/1641 1640/1640/1640
f 1645/1645/1645 1644/1644/1644 1643/1643/1643
f 1649/1649/1649 1648/1648/1648 1647/1647/1647
f 1653/1653/1653 1652/1652/1652 1651/1651/1651
f 1655/1655/1655 1654/1654/1654 1653/1653/1653
f 1658/1658/1658 1657/1657/1657 1656/1656/1656
f 1661/1661/1661 1660/1660/1660 1659/1659/1659
f 1602/1602/1602 1601/1601/1601 1663/1663/1663
f 1606/1606/1606 1604/1604/1604 1602/1602/1602
f 1611/1611/1611 1610/1610/1610 1608/1608/1608
f 1615/1615/1615 1614/1614/1614 1612/1612/1612
f 1619/1619/1619 1618/1618/1618 1616/1616/1616
f 1622/1622/1622 1621/1621/1621 1619/1619/1619
f 1626/1626/1626 1625/1625/1625 1623/1623/1623
f 1630/1630/1630 1629/1629/1629 1627/1627/1627
f 1634/1634/1634 1633/1633/1633 1631/1631/1631
f 1638/1638/1638 1636/1636/1636 1634/1634/1634
f 1643/1643/1643 1642/1642/1642 1640/1640/1640
f 1646/1646/1646 1645/1645/1645 1643/1643/1643
f 1650/1650/1650 1649/1649/1649 1647/1647/1647
f 1659/1659/1659 1658/1658/1658 1656/1656/1656
f 1662/1662/1662 1661/1661/1661 1659/1659/1659
f 1606/1606/1606 1602/1602/1602 1663/1663/1663
f 1622/1622/1622 1619/1619/1619 1616/1616/1616
f 1638/1638/1638 1634/1634/1634 1631/1631/1631
f 1646/1646/1646 1643/1643/1643 1640/1640/1640
f 1662/1662/1662 1659/1659/1659 1656/1656/1656
f 1606/1606/1606 1663/1663/1663 1662/1662/1662
f 1622/1622/1622 1616/1616/1616 1615/1615/1615
f 1638/1638/1638 1631/1631/1631 1630/1630/1630
f 1646/1646/1646 1640/1640/1640 1639/1639/1639
f 1662/1662/1662 1656/1656/1656 1655/1655/1655
f 1607/1607/1607 1606/1606/1606 1662/1662/1662
f 1622/1622/1622 1615/1615/1615 1612/1612/1612
f 1638/1638/1638 1630/1630/1630 1627/1627/1627
f 1647/1647/1647 1646/1646/1646 1639/1639/1639
f 1607/1607/1607 1662/1662/1662 1655/1655/1655
f 1622/1622/1622 1612/1612/1612 1611/1611/1611
f 1638/1638/1638 1627/1627/1627 1626/1626/1626
f 1650/1650/1650 1647/1647/1647 1639/1639/1639
f 1607/1607/1607 1655/1655/1655 1653/1653/1653
f 1622/1622/1622 1611/1611/1611 1608/1608/1608
f 1638/1638/1638 1626/1626/1626 1623/1623/1623
f 1651/1651/1651 1650/1650/1650 1639/1639/1639
f 1608/1608/1608 1607/1607/1607 1653/1653/1653
f 1623/1623/1623 1622/1622/1622 1608/1608/1608
f 1639/1639/1639 1638/1638/1638 1623/1623/1623
f 1653/1653/1653 1651/1651/1651 1639/1639/1639
f 1623/1623/1623 1608/1608/1608 1653/1653/1653
f 1653/1653/1653 1639/1639/1639 1623/1623/1623

v -200.21356317067233 65.93438518210348 105.99751905279048
v -200.2134849536524 65.93440670052959 99.99751905333889
v -205.5486756319335 69.64732205415945 99.99746281890206
v -205.54853080007697 69.64736189911399 88.88746220956597
v -210.47332219541337 73.07466837938769 88.88741030085507
v -210.47317736358173 73.0747082243354 77.7774115988676
v -205.54838596824533 69.6474017440617 77.77746350757852
v -205.5482411363888 69.64744158901624 66.66746289824243
v -210.4730325317252 73.07474806928994 66.6674109895315
v -210.4728876998749 73.07478791424276 55.557410857032565
v -205.5480963045385 69.64748143396908 55.55746276574348
v -205.54795134232972 69.64752131478505 44.43746288120079
v -210.47274273766612 73.07482779505875 44.43741097248987
v -210.4725979058158 73.0748676400116 33.32741083999095
v -205.5478065104794 69.6475611597379 33.32746274870186
v -205.5476616786229 69.64760100469243 22.217462139365765
v -210.4724530739593 73.07490748496615 22.21741023065485
v -210.47230824212764 73.07494732991384 11.107411528667399
v -205.54751684679124 69.64764084964015 11.107463437378314
v -205.54737201493472 69.6476806945947 -0.0025371719577691465
v -200.21218133665363 65.93476534096484 -0.0024809375209429163
v -200.21225955367353 65.93474382253874 5.997519061930646
v -189.95227748005604 58.794521988635196 5.997627205078373
v -189.95219926303614 58.794543507061306 -0.002372794373229681
v -179.6922171894186 51.65432167315776 -0.0022646512255022344
v -179.69229540643855 51.654300154731644 5.997735348226101
v -169.43231333282108 44.5140783208281 5.9978434913738425
v -169.43223511580115 44.514099839254214 -0.002156508077760577
v -159.17225304218366 37.37387800535066 -0.002048364930033131
v -159.1723312592036 37.37385648692455 5.99795163452157
v -148.9123491855861 30.233634653021006 5.998059777669297
v -148.91227096856616 30.233656171447123 -0.0019402217823056844
v -138.65228889494867 23.093434337543574 -0.001832078634578238
v -138.6523671119686 23.09341281911746 5.998167920817025
v -133.3171764336875 19.380497465487615 5.998224155253837
v -133.31722857836746 19.380483119870203 9.99822415488822
v -128.39243718303106 15.953176639596503 9.998276063599135
v -128.39256754473092 15.953140775552978 19.99827606268512
v -133.31735894006732 19.380447255826677 19.998224153974206
v -133.31748930176718 19.380411391783145 29.998224153060193
v -128.39269790643078 15.953104911509445 29.998276061771108
v -128.39282826813067 15.953069047465924 39.998276060857094
v -133.31761966346707 19.380375527739623 39.99822415214618
v -133.31775002516696 19.3803396636961 49.998224151232165
v -136.60094428872455 21.66521065054524 49.99818954542489
v -136.60086607170462 21.665232168971354 43.998189545973304
v -144.80885173059863 27.377409636094185 43.998103031455116
v -144.80892994761854 27.377388117668076 49.998103030906705
v -153.01691560651255 33.08956558479091 49.99801651638852
v -153.01683738949262 33.08958710321703 43.99801651693693
v -161.2248230483866 38.80176457033986 43.99793000241874
v -161.22490126540654 38.80174305191375 49.99793000187033
v -169.43288692430053 44.51392051903659 49.997843487352156
v -169.4330498764254 44.51387568898218 62.49784348620963
v -174.35784127176177 47.94118216925588 62.497791577498724
v -174.3580042238866 47.941137339201475 74.9977915763562
v -169.43321282855024 44.513830858927776 74.99784348506711
v -169.43337578067508 44.51378602887337 87.49784348392458
v -174.35816717601148 47.941092509147076 87.49779157521368
v -174.35840834515625 47.941026160666546 105.99779157352276
v -179.69359902343734 51.65394151429639 105.99773533908593
v -179.6935208064174 51.65396303272251 99.99773533963435
v -189.9535028800349 58.794184866626054 99.99762719648662
v -189.95358109705484 58.79416334819994 105.99762719593821
v -196.78625669089806 70.85917657766643 105.99758139403365
v -196.78617847387812 70.85919809609254 99.99758139458206
v -202.12136915215922 74.5721134497224 99.99752516014524
v -202.1212243203027 74.57215329467694 88.88752455080915
v -207.0460157156391 77.99945977495064 88.88747264209823
v -207.04587088380745 77.99949961989834 77.77747394011078
v -202.12107948847105 74.57219313962464 77.77752584882168
v -202.12093465661454 74.57223298457919 66.6675252394856
v -207.0457260519509 77.99953946485289 66.66747333077468
v -207.04558122010062 77.99957930980571 55.557473198275744
v -202.12078982476422 74.57227282953201 55.557525106986645
v -202.12064486255545 74.57231271034802 44.43752522244395
v -207.04543625789185 77.99961919062171 44.43747331373305
v -207.04529142604153 77.99965903557455 33.327473181234126
v -202.12050003070513 74.57235255530085 33.32752508994503
v -202.1203551988486 74.57239240025538 22.21752448060893
v -207.045146594185 77.9996988805291 22.21747257189803
v -207.04500176235337 77.99973872547679 11.107473869910578
v -202.12021036701697 74.57243224520309 11.10752577862148
v -202.12006553516045 74.57247209015765 -0.0024748307146040815
v -196.78487485687936 70.8595567365278 -0.0024185962777778514
v -196.78495307389926 70.85953521810168 5.997581403173811
v -186.52497100028177 63.719313384198145 5.9976895463215385
v -186.52489278326186 63.719334902624254 -0.002310453130064616
v -176.26491070964437 56.579113068720716 -0.0022023099823229586
v -176.26498892666427 56.57909155029459 5.99779768946928
v -166.00500685304678 49.438869716391046 5.997905832617008
v -166.00492863602688 49.43889123481716 -0.0020941668345955122
v -155.74494656240938 42.29866940091362 -0.001986023686868066
v -155.7450247794293 42.2986478824875 5.998013975764735
v -145.4850427058118 35.158426048583955 5.998122118912477
v -145.4849644887919 35.15844756701007 -0.0018778805391264086
v -135.2249824151744 28.018225733106526 -0.001769737391413173
v -135.2250606321943 28.01820421468041 5.99823026206019
v -129.8898699539132 24.305288861050563 5.998286496497016
v -129.88992209859316 24.305274515433155 9.9982864961314
v -124.96513070325678 20.877968035159455 9.998338404842315
v -124.96526106495665 20.877932171115926 19.9983384039283
v -129.89005246029305 24.30523865138963 19.998286495217386
v -129.89018282199294 24.305202787346097 29.998286494303372
v -124.96539142665652 20.877896307072398 29.998338403014287
v -124.9655217883564 20.877860443028872 39.99833840210026
v -129.8903131836928 24.305166923302572 39.998286493389344
v -129.89044354539269 24.305131059259047 49.998286492475344
v -133.17363780895028 26.59000204610819 49.99825188666807
v -133.17355959193037 26.590023564534306 43.99825188721647
v -141.38154525082433 32.30220103165714 43.998165372698296
v -141.38162346784426 32.302179513231025 49.998165372149884
v -149.58960912673825 38.01435698035386 49.9980788576317
v -149.58953090971835 38.014378498779976 43.99807885818011
v -157.79751656861234 43.72655596590282 43.99799234366192
v -157.79759478563227 43.7265344474767 49.99799234311351
v -166.00558044452626 49.43871191459954 49.99790582859532
v -166.0057433966511 49.43866708454513 62.497905827452804
v -170.9305347919875 52.86597356481883 62.497853918741896
v -170.93069774411236 52.865928734764424 74.99785391759937
v -166.00590634877597 49.438622254490724 74.99790582631029
v -166.0060693009008 49.43857742443632 87.49790582516776
v -170.9308606962372 52.865883904710024 87.49785391645685
v -170.93110186538198 52.8658175562295 105.99785391476593
v -176.26629254366307 56.57873290985934 105.99779768032911
v -176.26621432664314 56.578754428285464 99.99779768087751
v -186.52619640026063 63.718976262189 99.99768953772978
v -186.52627461728056 63.71895474376289 105.99768953718137

vn -0.7213873267173767 -0.6925318241119385 0
vn -0.9079594016075134 -0.4190581738948822 0
vn -0.2807628810405731 -0.9597771763801575 0
vn -0.7337945103645325 -0.6793714761734009 0
vn -0.2606901228427887 -0.965422511100769 0
vn 0.7337945103645325 -0.6793714761734009 0
vn 0.2606901228427887 -0.965422511100769 0
vn -0.7337945103645325 -0.6793714761734009 0
vn -0.2606901228427887 -0.965422511100769 0
vn 0.7337945103645325 -0.6793714761734009 0
vn 0.2604716122150421 -0.9654815196990967 0
vn -0.7334897518157959 -0.679700493812561 0
vn -0.2606901228427887 -0.965422511100769 0
vn 0.7337945103645325 -0.6793714761734009 0
vn 0.2606901228427887 -0.965422511100769 0
vn -0.7337945103645325 -0.6793714761734009 0
vn -0.2606901228427887 -0.965422511100769 0
vn 0.7337945103645325 -0.6793714761734009 0
vn 0.2606901228427887 -0.965422511100769 0
vn 0.7602051496505737 -0.6496830582618713 0
vn 0.47628316283226013 0.8792919516563416 0
vn 0.9723873138427734 0.23337295651435852 0
vn 0.7213873267173767 -0.6925318241119385 0
vn 0.9723873138427734 -0.23337295651435852 0
vn 0.7213873267173767 0.6925318241119385 0
vn 0.9723873138427734 0.23337295651435852 0
vn 0.7213873267173767 -0.6925318241119385 0
vn 0.9723873138427734 -0.23337295651435852 0
vn 0.7213873267173767 0.6925318241119385 0
vn 0.9723873138427734 0.23337295651435852 0
vn 0.7213873267173767 -0.6925318241119385 0
vn 0.9723873138427734 -0.23337295651435852 0
vn 0.7213873267173767 0.6925318241119385 0
vn 0.9079594016075134 0.4190581738948822 0
vn 0.6305926442146301 0.7761139869689941 0
vn 0.9486833214759827 0.3162277638912201 0
vn 0.2873478829860687 0.9578262567520142 0
vn -0.7682212591171265 0.6401844024658203 0
vn -0.2873478829860687 0.9578262567520142 0
vn 0.7682212591171265 0.6401844024658203 0
vn 0.2873478829860687 0.9578262567520142 0
vn -0.7682212591171265 0.6401844024658203 0
vn -0.2873478829860687 0.9578262567520142 0
vn -0.6246950626373291 0.7808688282966614 0
vn -0.3162277638912201 -0.9486833214759827 0
vn -0.9578262567520142 -0.2873478829860687 0
vn -0.6401844024658203 0.7682212591171265 0
vn -0.9578262567520142 0.2873478829860687 0
vn -0.6401844024658203 -0.7682212591171265 0
vn -0.9578262567520142 -0.2873478829860687 0
vn -0.6401844024658203 0.7682212591171265 0
vn -0.9578262567520142 0.2873478829860687 0
vn -0.3713906705379486 0.9284766912460327 0
vn -0.6925318241119385 0.7213873267173767 0
vn -0.23337295651435852 0.9723873138427734 0
vn 0.6925318241119385 0.7213873267173767 0
vn 0.23337295651435852 0.9723873138427734 0
vn -0.6925318241119385 0.7213873267173767 0
vn -0.16007116436958313 0.9871054887771606 0
vn -0.5749455094337463 0.8181917071342468 0
vn -0.47628316283226013 -0.8792919516563416 0
vn -0.9723873138427734 -0.23337295651435852 0
vn -0.7213873267173767 0.6925318241119385 0
vn -0.9723873138427734 0.23337295651435852 0
vn -0.9723873138427734 -0.23337295651435852 0
vn -0.47628316283226013 -0.8792919516563416 0
vn -0.7602051496505737 -0.6496830582618713 0
vn -0.2606901228427887 -0.965422511100769 0
vn -0.7337945103645325 -0.6793714761734009 0
vn 0.2606901228427887 -0.965422511100769 0
vn 0.7337945103645325 -0.6793714761734009 0
vn -0.2606901228427887 -0.965422511100769 0
vn -0.7337945103645325 -0.6793714761734009 0
vn 0.2606901228427887 -0.965422511100769 0
vn 0.7334897518157959 -0.679700493812561 0
vn -0.2604716122150421 -0.9654815196990967 0
vn -0.7337945103645325 -0.6793714761734009 0
vn 0.2606901228427887 -0.965422511100769 0
vn 0.7337945103645325 -0.6793714761734009 0
vn -0.2606901228427887 -0.965422511100769 0
vn -0.7337945103645325 -0.6793714761734009 0
vn 0.2606901228427887 -0.965422511100769 0
vn 0.7337945103645325 -0.6793714761734009 0
vn 0.2807628810405731 -0.9597771763801575 0
vn 0.9079594016075134 0.4190581738948822 0
vn 0.7213873267173767 0.6925318241119385 0
vn 0.9723873138427734 -0.23337295651435852 0
vn 0.7213873267173767 -0.6925318241119385 0
vn 0.9723873138427734 0.23337295651435852 0
vn 0.7213873267173767 0.6925318241119385 0
vn 0.9723873138427734 -0.23337295651435852 0
vn 0.7213873267173767 -0.6925318241119385 0
vn 0.9723873138427734 0.23337295651435852 0
vn 0.7213873267173767 0.6925318241119385 0
vn 0.9723873138427734 -0.23337295651435852 0
vn 0.7213873267173767 -0.6925318241119385 0
vn 0.9723873138427734 0.23337295651435852 0
vn 0.47628316283226013 0.8792919516563416 0
vn 0.9557790160179138 0.29408586025238037 0
vn 0.6000000238418579 0.800000011920929 0
vn 0.7682212591171265 0.6401844024658203 0
vn -0.2873478829860687 0.9578262567520142 0
vn -0.7682212591171265 0.6401844024658203 0
vn 0.2873478829860687 0.9578262567520142 0
vn 0.7682212591171265 0.6401844024658203 0
vn -0.2873478829860687 0.9578262567520142 0
vn -0.7682212591171265 0.6401844024658203 0
vn -0.1961161345243454 0.9805806875228882 0
vn -0.800000011920929 -0.6000000238418579 0
vn -0.6401844024658203 -0.7682212591171265 0
vn -0.9578262567520142 0.2873478829860687 0
vn -0.6401844024658203 0.7682212591171265 0
vn -0.9578262567520142 -0.2873478829860687 0
vn -0.6401844024658203 -0.7682212591171265 0
vn -0.9578262567520142 0.2873478829860687 0
vn -0.6401844024658203 0.7682212591171265 0
vn -0.847998321056366 0.5299989581108093 0
vn -0.23337295651435852 0.9723873138427734 0
vn -0.6925318241119385 0.7213873267173767 0
vn 0.23337295651435852 0.9723873138427734 0
vn 0.6925318241119385 0.7213873267173767 0
vn -0.23337295651435852 0.9723873138427734 0
vn -0.5441911220550537 0.8389613032341003 0
vn -0.17302601039409637 0.9849172830581665 0
vn -0.9079594016075134 -0.4190581738948822 0
vn -0.7213873267173767 -0.6925318241119385 0
vn -0.9723873138427734 0.23337295651435852 0
vn -0.7213873267173767 0.6925318241119385 0

vt 0 0 0.0
vt 6 0 0.0
vt 12.5 0 0.0
vt 23.610000610351562 0 0.0
vt 29.610000610351562 0 0.0
vt 40.720001220703125 0 0.0
vt 46.720001220703125 0 0.0
vt 57.83000183105469 0 0.0
vt 63.83000183105469 0 0.0
vt 74.94000244140625 0 0.0
vt 80.94000244140625 0 0.0
vt 92.05999755859375 0 0.0
vt 98.05999755859375 0 0.0
vt 109.16999816894531 0 0.0
vt 115.16999816894531 0 0.0
vt 126.27999877929688 0 0.0
vt 132.27999877929688 0 0.0
vt 143.38999938964844 0 0.0
vt 149.38999938964844 0 0.0
vt 160.5 0 0.0
vt 167 0 0.0
vt 173 0 0.0
vt 185.5 0 0.0
vt 191.5 0 0.0
vt 204 0 0.0
vt 210 0 0.0
vt 222.5 0 0.0
vt 228.5 0 0.0
vt 241 0 0.0
vt 247 0 0.0
vt 259.5 0 0.0
vt 265.5 0 0.0
vt 278 0 0.0
vt 284 0 0.0
vt 290.5 0 0.0
vt 294.5 0 0.0
vt 300.5 0 0.0
vt 310.5 0 0.0
vt 316.5 0 0.0
vt 326.5 0 0.0
vt 332.5 0 0.0
vt 342.5 0 0.0
vt 348.5 0 0.0
vt 358.5 0 0.0
vt 362.5 0 0.0
vt 368.5 0 0.0
vt 378.5 0 0.0
vt 384.5 0 0.0
vt 394.5 0 0.0
vt 400.5 0 0.0
vt 410.5 0 0.0
vt 416.5 0 0.0
vt 426.5 0 0.0
vt 439 0 0.0
vt 445 0 0.0
vt 457.5 0 0.0
vt 463.5 0 0.0
vt 476 0 0.0
vt 482 0 0.0
vt 500.5 0 0.0
vt 507 0 0.0
vt 513 0 0.0
vt 525.5 0 0.0
vt 531.5 0 0.0
vt 0 1 0.0
vt 6 1 0.0
vt 12.5 1 0.0
vt 23.610000610351562 1 0.0
vt 29.610000610351562 1 0.0
vt 40.720001220703125 1 0.0
vt 46.720001220703125 1 0.0
vt 57.83000183105469 1 0.0
vt 63.83000183105469 1 0.0
vt 74.94000244140625 1 0.0
vt 80.94000244140625 1 0.0
vt 92.05999755859375 1 0.0
vt 98.05999755859375 1 0.0
vt 109.16999816894531 1 0.0
vt 115.16999816894531 1 0.0
vt 126.27999877929688 1 0.0
vt 132.27999877929688 1 0.0
vt 143.38999938964844 1 0.0
vt 149.38999938964844 1 0.0
vt 160.5 1 0.0
vt 167 1 0.0
vt 173 1 0.0
vt 185.5 1 0.0
vt 191.5 1 0.0
vt 204 1 0.0
vt 210 1 0.0
vt 222.5 1 0.0
vt 228.5 1 0.0
vt 241 1 0.0
vt 247 1 0.0
vt 259.5 1 0.0
vt 265.5 1 0.0
vt 278 1 0.0
vt 284 1 0.0
vt 290.5 1 0.0
vt 294.5 1 0.0
vt 300.5 1 0.0
vt 310.5 1 0.0
vt 316.5 1 0.0
vt 326.5 1 0.0
vt 332.5 1 0.0
vt 342.5 1 0.0
vt 348.5 1 0.0
vt 358.5 1 0.0
vt 362.5 1 0.0
vt 368.5 1 0.0
vt 378.5 1 0.0
vt 384.5 1 0.0
vt 394.5 1 0.0
vt 400.5 1 0.0
vt 410.5 1 0.0
vt 416.5 1 0.0
vt 426.5 1 0.0
vt 439 1 0.0
vt 445 1 0.0
vt 457.5 1 0.0
vt 463.5 1 0.0
vt 476 1 0.0
vt 482 1 0.0
vt 500.5 1 0.0
vt 507 1 0.0
vt 513 1 0.0
vt 525.5 1 0.0
vt 531.5 1 0.0

o 7-plate-outlineSide
usemtl burnededges
f 1665/1665/1665 1729/1729/1729 1730/1730/1730
f 1665/1665/1665 1730/1730/1730 1666/1666/1666
f 1666/1666/1666 1730/1730/1730 1731/1731/1731
f 1666/1666/1666 1731/1731/1731 1667/1667/1667
f 1667/1667/1667 1731/1731/1731 1732/1732/1732
f 1667/1667/1667 1732/1732/1732 1668/1668/1668
f 1668/1668/1668 1732/1732/1732 1733/1733/1733
f 1668/1668/1668 1733/1733/1733 1669/1669/1669
f 1669/1669/1669 1733/1733/1733 1734/1734/1734
f 1669/1669/1669 1734/1734/1734 1670/1670/1670
f 1670/1670/1670 1734/1734/1734 1735/1735/1735
f 1670/1670/1670 1735/1735/1735 1671/1671/1671
f 1671/1671/1671 1735/1735/1735 1736/1736/1736
f 1671/1671/1671 1736/1736/1736 1672/1672/1672
f 1672/1672/1672 1736/1736/1736 1737/1737/1737
f 1672/1672/1672 1737/1737/1737 1673/1673/1673
f 1673/1673/1673 1737/1737/1737 1738/1738/1738
f 1673/1673/1673 1738/1738/1738 1674/1674/1674
f 1674/1674/1674 1738/1738/1738 1739/1739/1739
f 1674/1674/1674 1739/1739/1739 1675/1675/1675
f 1675/1675/1675 1739/1739/1739 1740/1740/1740
f 1675/1675/1675 1740/1740/1740 1676/1676/1676
f 1676/1676/1676 1740/1740/1740 1741/1741/1741
f 1676/1676/1676 1741/1741/1741 1677/1677/1677
f 1677/1677/1677 1741/1741/1741 1742/1742/1742
f 1677/1677/1677 1742/1742/1742 1678/1678/1678
f 1678/1678/1678 1742/1742/1742 1743/1743/1743
f 1678/1678/1678 1743/1743/1743 1679/1679/1679
f 1679/1679/1679 1743/1743/1743 1744/1744/1744
f 1679/1679/1679 1744/1744/1744 1680/1680/1680
f 1680/1680/1680 1744/1744/1744 1745/1745/1745
f 1680/1680/1680 1745/1745/1745 1681/1681/1681
f 1681/1681/1681 1745/1745/1745 1746/1746/1746
f 1681/1681/1681 1746/1746/1746 1682/1682/1682
f 1682/1682/1682 1746/1746/1746 1747/1747/1747
f 1682/1682/1682 1747/1747/1747 1683/1683/1683
f 1683/1683/1683 1747/1747/1747 1748/1748/1748
f 1683/1683/1683 1748/1748/1748 1684/1684/1684
f 1684/1684/1684 1748/1748/1748 1749/1749/1749
f 1684/1684/1684 1749/1749/1749 1685/1685/1685
f 1685/1685/1685 1749/1749/1749 1750/1750/1750
f 1685/1685/1685 1750/1750/1750 1686/1686/1686
f 1686/1686/1686 1750/1750/1750 1751/1751/1751
f 1686/1686/1686 1751/1751/1751 1687/1687/1687
f 1687/1687/1687 1751/1751/1751 1752/1752/1752
f 1687/1687/1687 1752/1752/1752 1688/1688/1688
f 1688/1688/1688 1752/1752/1752 1753/1753/1753
f 1688/1688/1688 1753/1753/1753 1689/1689/1689
f 1689/1689/1689 1753/1753/1753 1754/1754/1754
f 1689/1689/1689 1754/1754/1754 1690/1690/1690
f 1690/1690/1690 1754/1754/1754 1755/1755/1755
f 1690/1690/1690 1755/1755/1755 1691/1691/1691
f 1691/1691/1691 1755/1755/1755 1756/1756/1756
f 1691/1691/1691 1756/1756/1756 1692/1692/1692
f 1692/1692/1692 1756/1756/1756 1757/1757/1757
f 1692/1692/1692 1757/1757/1757 1693/1693/1693
f 1693/1693/1693 1757/1757/1757 1758/1758/1758
f 1693/1693/1693 1758/1758/1758 1694/1694/1694
f 1694/1694/1694 1758/1758/1758 1759/1759/1759
f 1694/1694/1694 1759/1759/1759 1695/1695/1695
f 1695/1695/1695 1759/1759/1759 1760/1760/1760
f 1695/1695/1695 1760/1760/1760 1696/1696/1696
f 1696/1696/1696 1760/1760/1760 1761/1761/1761
f 1696/1696/1696 1761/1761/1761 1697/1697/1697
f 1697/1697/1697 1761/1761/1761 1762/1762/1762
f 1697/1697/1697 1762/1762/1762 1698/1698/1698
f 1698/1698/1698 1762/1762/1762 1763/1763/1763
f 1698/1698/1698 1763/1763/1763 1699/1699/1699
f 1699/1699/1699 1763/1763/1763 1764/1764/1764
f 1699/1699/1699 1764/1764/1764 1700/1700/1700
f 1700/1700/1700 1764/1764/1764 1765/1765/1765
f 1700/1700/1700 1765/1765/1765 1701/1701/1701
f 1701/1701/1701 1765/1765/1765 1766/1766/1766
f 1701/1701/1701 1766/1766/1766 1702/1702/1702
f 1702/1702/1702 1766/1766/1766 1767/1767/1767
f 1702/1702/1702 1767/1767/1767 1703/1703/1703
f 1703/1703/1703 1767/1767/1767 1768/1768/1768
f 1703/1703/1703 1768/1768/1768 1704/1704/1704
f 1704/1704/1704 1768/1768/1768 1769/1769/1769
f 1704/1704/1704 1769/1769/1769 1705/1705/1705
f 1705/1705/1705 1769/1769/1769 1770/1770/1770
f 1705/1705/1705 1770/1770/1770 1706/1706/1706
f 1706/1706/1706 1770/1770/1770 1771/1771/1771
f 1706/1706/1706 1771/1771/1771 1707/1707/1707
f 1707/1707/1707 1771/1771/1771 1772/1772/1772
f 1707/1707/1707 1772/1772/1772 1708/1708/1708
f 1708/1708/1708 1772/1772/1772 1773/1773/1773
f 1708/1708/1708 1773/1773/1773 1709/1709/1709
f 1709/1709/1709 1773/1773/1773 1774/1774/1774
f 1709/1709/1709 1774/1774/1774 1710/1710/1710
f 1710/1710/1710 1774/1774/1774 1775/1775/1775
f 1710/1710/1710 1775/1775/1775 1711/1711/1711
f 1711/1711/1711 1775/1775/1775 1776/1776/1776
f 1711/1711/1711 1776/1776/1776 1712/1712/1712
f 1712/1712/1712 1776/1776/1776 1777/1777/1777
f 1712/1712/1712 1777/1777/1777 1713/1713/1713
f 1713/1713/1713 1777/1777/1777 1778/1778/1778
f 1713/1713/1713 1778/1778/1778 1714/1714/1714
f 1714/1714/1714 1778/1778/1778 1779/1779/1779
f 1714/1714/1714 1779/1779/1779 1715/1715/1715
f 1715/1715/1715 1779/1779/1779 1780/1780/1780
f 1715/1715/1715 1780/1780/1780 1716/1716/1716
f 1716/1716/1716 1780/1780/1780 1781/1781/1781
f 1716/1716/1716 1781/1781/1781 1717/1717/1717
f 1717/1717/1717 1781/1781/1781 1782/1782/1782
f 1717/1717/1717 1782/1782/1782 1718/1718/1718
f 1718/1718/1718 1782/1782/1782 1783/1783/1783
f 1718/1718/1718 1783/1783/1783 1719/1719/1719
f 1719/1719/1719 1783/1783/1783 1784/1784/1784
f 1719/1719/1719 1784/1784/1784 1720/1720/1720
f 1720/1720/1720 1784/1784/1784 1785/1785/1785
f 1720/1720/1720 1785/1785/1785 1721/1721/1721
f 1721/1721/1721 1785/1785/1785 1786/1786/1786
f 1721/1721/1721 1786/1786/1786 1722/1722/1722
f 1722/1722/1722 1786/1786/1786 1787/1787/1787
f 1722/1722/1722 1787/1787/1787 1723/1723/1723
f 1723/1723/1723 1787/1787/1787 1788/1788/1788
f 1723/1723/1723 1788/1788/1788 1724/1724/1724
f 1724/1724/1724 1788/1788/1788 1789/1789/1789
f 1724/1724/1724 1789/1789/1789 1725/1725/1725
f 1725/1725/1725 1789/1789/1789 1790/1790/1790
f 1725/1725/1725 1790/1790/1790 1726/1726/1726
f 1726/1726/1726 1790/1790/1790 1791/1791/1791
f 1726/1726/1726 1791/1791/1791 1727/1727/1727
f 1727/1727/1727 1791/1791/1791 1792/1792/1792
f 1727/1727/1727 1792/1792/1792 1728/1728/1728
f 1728/1728/1728 1792/1792/1792 1729/1729/1729
f 1728/1728/1728 1729/1729/1729 1665/1665/1665




o 7-plate-holeSide
usemtl burnededges

v -110.0914015634964 64.13336263390148 -0.0013125682747983092
v -113.51870804327068 59.208571238338536 -0.0013749095179633741
v -108.18351736498958 55.4956558847087 -0.001318675081137144
v -110.46838835150577 52.21246162100006 -0.0013602359099280648
v -105.54359695616938 48.785155140726346 -0.0013083271990126377
v -111.25577442245984 40.57716948145477 -0.0014122292709686235
v -116.18056581779622 44.004475961728474 -0.0014641379818698397
v -121.89274328408668 35.79649030245689 -0.0015680400538258255
v -116.96795188875029 32.36918382218318 -0.0015161313429103984
v -122.68012935504075 24.161198162911607 -0.0016200334148663842
v -127.60492075037713 27.588504643185313 -0.0016719421257818112
v -133.3170982166676 19.38051898391373 -0.001775844197737797
v -138.6522888949487 23.09343433754357 -0.0018320786345498163
v -135.2249824151744 28.01822573310652 -0.0017697373913847514
v -145.4849644887919 35.15844756701006 -0.0018778805391121978
v -148.91227096856616 30.233656171447112 -0.0019402217822914736
v -159.17225304218366 37.373878005350655 -0.00204836493001892
v -155.74494656240938 42.2986694009136 -0.001986023686853855
v -166.00492863602688 49.43889123481715 -0.0020941668345813014
v -169.43223511580115 44.5140998392542 -0.0021565080777463663
v -179.6922171894186 51.65432167315774 -0.0022646512254880236
v -176.26491070964437 56.57911306872069 -0.0022023099823087477
v -186.52489278326183 63.71933490262423 -0.002310453130050405
v -189.9521992630361 58.794543507061285 -0.00237279437321547
v -200.2121813366536 65.93476534096483 -0.0024809375209429163
v -196.78487485687933 70.85955673652776 -0.0024185962777778514
v -202.12006553516042 74.57247209015762 -0.0024748307146040815
v -199.83519454864424 77.85566635386624 -0.0024332698858131607
v -204.75998594398064 81.28297283413994 -0.0024851785967285878
v -199.04780847769018 89.49095849341153 -0.002381276524772602
v -194.12301708235378 86.06365201313783 -0.002329367813871386
v -188.41083961606333 94.27163767240941 -0.0022254657419154
v -193.33563101139973 97.69894415268311 -0.002277374452830827
v -187.62345354510927 105.9069298119547 -0.0021734723808748413
v -182.69866214977287 102.479623331681 -0.0021215636699594143
v -176.98648468348242 110.68760899095258 -0.0020176615980034285
v -171.65129400520132 106.97469363732274 -0.001961427161191409
v -175.0786004849756 102.04990224175978 -0.002023768404356474
v -164.8186184113581 94.90968040785624 -0.0019156252566290277
v -161.39131193158383 99.83447180341919 -0.001853284013449752
v -151.13132985796636 92.69424996951565 -0.0017451408657223055
v -154.5586363377406 87.7694585739527 -0.0018074821088873705
v -144.29865426412314 80.62923674004915 -0.0016993389611599241
v -140.87134778434887 85.5540281356121 -0.0016369977179948592
v -130.61136571073138 78.41380630170856 -0.001528854570253202
v -134.03867219050565 73.48901490614561 -0.0015911958134324777
v -123.77869011688816 66.34879307224207 -0.0014830526656908205
v -120.35138363711388 71.27358446780502 -0.0014207114225257556

vn 0 0 1
vn 0 0 1
vn 0 0 1
vn 0 0 1
vn 0 0 1
vn 0 0 1
vn 0 0 1
vn 0 0 1
vn 0 0 1
vn 0 0 1
vn 0 0 1
vn 0 0 1
vn 0 0 1
vn 0 0 1
vn 0 0 1
vn 0 0 1
vn 0 0 1
vn 0 0 1
vn 0 0 1
vn 0 0 1
vn 0 0 1
vn 0 0 1
vn 0 0 1
vn 0 0 1
vn 0 0 1
vn 0 0 1
vn 0 0 1
vn 0 0 1
vn 0 0 1
vn 0 0 1
vn 0 0 1
vn 0 0 1
vn 0 0 1
vn 0 0 1
vn 0 0 1
vn 0 0 1
vn 0 0 1
vn 0 0 1
vn 0 0 1
vn 0 0 1
vn 0 0 1
vn 0 0 1
vn 0 0 1
vn 0 0 1
vn 0 0 1
vn 0 0 1
vn 0 0 1
vn 0 0 1

vt -25 -62.5 0.0
vt -19 -62.5 0.0
vt -19 -69 0.0
vt -15 -69 0.0
vt -15 -75 0.0
vt -5 -75 0.0
vt -5 -69 0.0
vt 5 -69 0.0
vt 5 -75 0.0
vt 15 -75 0.0
vt 15 -69 0.0
vt 25 -69 0.0
vt 25 -62.5 0.0
vt 19 -62.5 0.0
vt 19 -50 0.0
vt 25 -50 0.0
vt 25 -37.5 0.0
vt 19 -37.5 0.0
vt 19 -25 0.0
vt 25 -25 0.0
vt 25 -12.5 0.0
vt 19 -12.5 0.0
vt 19 7.105427357601002e-15 0.0
vt 25 7.105427357601002e-15 0.0
vt 25 12.5 0.0
vt 19 12.5 0.0
vt 19 19 0.0
vt 15 19 0.0
vt 15 25 0.0
vt 5 25 0.0
vt 5 19 0.0
vt -5 19 0.0
vt -5 25 0.0
vt -15 25 0.0
vt -15 19 0.0
vt -25 19 0.0
vt -25 12.5 0.0
vt -19 12.5 0.0
vt -19 7.105427357601002e-15 0.0
vt -25 7.105427357601002e-15 0.0
vt -25 -12.5 0.0
vt -19 -12.5 0.0
vt -19 -25 0.0
vt -25 -25 0.0
vt -25 -37.5 0.0
vt -19 -37.5 0.0
vt -19 -50 0.0
vt -25 -50 0.0

o 8-plate-frontSurface
usemtl frontSurface
f 1839/1839/1839 1840/1840/1840 1793/1793/1793
f 1794/1794/1794 1795/1795/1795 1796/1796/1796
f 1796/1796/1796 1797/1797/1797 1798/1798/1798
f 1800/1800/1800 1801/1801/1801 1802/1802/1802
f 1803/1803/1803 1804/1804/1804 1805/1805/1805
f 1807/1807/1807 1808/1808/1808 1809/1809/1809
f 1811/1811/1811 1812/1812/1812 1813/1813/1813
f 1815/1815/1815 1816/1816/1816 1817/1817/1817
f 1818/1818/1818 1819/1819/1819 1820/1820/1820
f 1820/1820/1820 1821/1821/1821 1822/1822/1822
f 1824/1824/1824 1825/1825/1825 1826/1826/1826
f 1827/1827/1827 1828/1828/1828 1829/1829/1829
f 1831/1831/1831 1832/1832/1832 1833/1833/1833
f 1835/1835/1835 1836/1836/1836 1837/1837/1837
f 1839/1839/1839 1793/1793/1793 1794/1794/1794
f 1794/1794/1794 1796/1796/1796 1798/1798/1798
f 1800/1800/1800 1802/1802/1802 1803/1803/1803
f 1803/1803/1803 1805/1805/1805 1806/1806/1806
f 1807/1807/1807 1809/1809/1809 1810/1810/1810
f 1811/1811/1811 1813/1813/1813 1814/1814/1814
f 1815/1815/1815 1817/1817/1817 1818/1818/1818
f 1818/1818/1818 1820/1820/1820 1822/1822/1822
f 1824/1824/1824 1826/1826/1826 1827/1827/1827
f 1827/1827/1827 1829/1829/1829 1830/1830/1830
f 1831/1831/1831 1833/1833/1833 1834/1834/1834
f 1835/1835/1835 1837/1837/1837 1838/1838/1838
f 1839/1839/1839 1794/1794/1794 1798/1798/1798
f 1800/1800/1800 1803/1803/1803 1806/1806/1806
f 1815/1815/1815 1818/1818/1818 1822/1822/1822
f 1824/1824/1824 1827/1827/1827 1830/1830/1830
f 1838/1838/1838 1839/1839/1839 1798/1798/1798
f 1799/1799/1799 1800/1800/1800 1806/1806/1806
f 1814/1814/1814 1815/1815/1815 1822/1822/1822
f 1823/1823/1823 1824/1824/1824 1830/1830/1830
f 1835/1835/1835 1838/1838/1838 1798/1798/1798
f 1799/1799/1799 1806/1806/1806 1807/1807/1807
f 1811/1811/1811 1814/1814/1814 1822/1822/1822
f 1823/1823/1823 1830/1830/1830 1831/1831/1831
f 1834/1834/1834 1835/1835/1835 1798/1798/1798
f 1799/1799/1799 1807/1807/1807 1810/1810/1810
f 1810/1810/1810 1811/1811/1811 1822/1822/1822
f 1823/1823/1823 1831/1831/1831 1834/1834/1834
f 1834/1834/1834 1798/1798/1798 1799/1799/1799
f 1810/1810/1810 1822/1822/1822 1823/1823/1823
f 1823/1823/1823 1834/1834/1834 1799/1799/1799
f 1799/1799/1799 1810/1810/1810 1823/1823/1823

v -110.09147978051632 64.13334111547536 5.998687431176791
v -113.5187862602906 59.20854971991242 5.9986250899336255
v -108.1835955820095 55.49563436628258 5.998681324370452
v -110.46846656852568 52.21244010257394 5.998639763541661
v -105.5436751731893 48.785133622300236 5.998691672252576
v -111.25585263947976 40.57714796302866 5.99858777018062
v -116.18064403481614 44.004454443302365 5.998535861469719
v -121.8928215011066 35.79646878403078 5.998431959397763
v -116.96803010577021 32.36916230375707 5.9984838681086785
v -122.68020757206067 24.161176644485494 5.9983799660367225
v -127.60499896739705 27.5884831247592 5.998328057325807
v -133.3171764336875 19.38049746548762 5.998224155253851
v -138.6523671119686 23.093412819117454 5.998167920817039
v -135.22506063219433 28.018204214680402 5.998230262060204
v -145.48504270581182 35.15842604858395 5.998122118912477
v -148.9123491855861 30.233634653021 5.998059777669297
v -159.1723312592036 37.37385648692454 5.99795163452157
v -155.7450247794293 42.29864788248749 5.998013975764735
v -166.00500685304678 49.43886971639103 5.997905832617008
v -169.43231333282108 44.514078320828084 5.9978434913738425
v -179.69229540643855 51.65430015473163 5.997735348226101
v -176.26498892666427 56.57909155029458 5.99779768946928
v -186.52497100028177 63.71931338419812 5.9976895463215385
v -189.95227748005604 58.79452198863517 5.997627205078373
v -200.21225955367353 65.9347438225387 5.997519061930646
v -196.78495307389926 70.85953521810166 5.997581403173811
v -202.12014375218035 74.57245057173151 5.997525168736985
v -199.83527276566417 77.85564483544013 5.997566729565776
v -204.76006416100057 81.28295131571383 5.99751482085486
v -199.04788669471012 89.49093697498542 5.997618722926816
v -194.12309529937372 86.06363049471172 5.9976706316377175
v -188.41091783308326 94.2716161539833 5.9977745337096735
v -193.33570922841966 97.698922634257 5.997722624998758
v -187.6235317621292 105.90690829352857 5.997826527070714
v -182.6987403667928 102.47960181325487 5.9978784357816295
v -176.98656290050235 110.68758747252646 5.9979823378535855
v -171.65137222222126 106.97467211889662 5.9980385722903975
v -175.07867870199553 102.04988072333367 5.997976231047232
v -164.81869662837804 94.90965888943013 5.99808437419496
v -161.39139014860376 99.83445028499308 5.998146715438139
v -151.13140807498627 92.69422845108954 5.998254858585867
v -154.55871455476054 87.7694370555266 5.9981925173427015
v -144.29873248114308 80.62921522162304 5.998300660490429
v -140.87142600136877 85.55400661718599 5.998363001733594
v -130.61144392775128 78.41378478328245 5.998471144881336
v -134.03875040752558 73.4889933877195 5.998408803638156
v -123.77876833390808 66.34877155381596 5.998516946785898
v -120.3514618541338 71.27356294937891 5.998579288029063

vn 0 0 -1
vn 0 0 -1
vn 0 0 -1
vn 0 0 -1
vn 0 0 -1
vn 0 0 -1
vn 0 0 -1
vn 0 0 -1
vn 0 0 -1
vn 0 0 -1
vn 0 0 -1
vn 0 0 -1
vn 0 0 -1
vn 0 0 -1
vn 0 0 -1
vn 0 0 -1
vn 0 0 -1
vn 0 0 -1
vn 0 0 -1
vn 0 0 -1
vn 0 0 -1
vn 0 0 -1
vn 0 0 -1
vn 0 0 -1
vn 0 0 -1
vn 0 0 -1
vn 0 0 -1
vn 0 0 -1
vn 0 0 -1
vn 0 0 -1
vn 0 0 -1
vn 0 0 -1
vn 0 0 -1
vn 0 0 -1
vn 0 0 -1
vn 0 0 -1
vn 0 0 -1
vn 0 0 -1
vn 0 0 -1
vn 0 0 -1
vn 0 0 -1
vn 0 0 -1
vn 0 0 -1
vn 0 0 -1
vn 0 0 -1
vn 0 0 -1
vn 0 0 -1
vn 0 0 -1

vt -25 -62.5 0.0
vt -19 -62.5 0.0
vt -19 -69 0.0
vt -15 -69 0.0
vt -15 -75 0.0
vt -5 -75 0.0
vt -5 -69 0.0
vt 5 -69 0.0
vt 5 -75 0.0
vt 15 -75 0.0
vt 15 -69 0.0
vt 25 -69 0.0
vt 25 -62.5 0.0
vt 19 -62.5 0.0
vt 19 -50 0.0
vt 25 -50 0.0
vt 25 -37.5 0.0
vt 19 -37.5 0.0
vt 19 -25 0.0
vt 25 -25 0.0
vt 25 -12.5 0.0
vt 19 -12.5 0.0
vt 19 7.105427357601002e-15 0.0
vt 25 7.105427357601002e-15 0.0
vt 25 12.5 0.0
vt 19 12.5 0.0
vt 19 19 0.0
vt 15 19 0.0
vt 15 25 0.0
vt 5 25 0.0
vt 5 19 0.0
vt -5 19 0.0
vt -5 25 0.0
vt -15 25 0.0
vt -15 19 0.0
vt -25 19 0.0
vt -25 12.5 0.0
vt -19 12.5 0.0
vt -19 7.105427357601002e-15 0.0
vt -25 7.105427357601002e-15 0.0
vt -25 -12.5 0.0
vt -19 -12.5 0.0
vt -19 -25 0.0
vt -25 -25 0.0
vt -25 -37.5 0.0
vt -19 -37.5 0.0
vt -19 -50 0.0
vt -25 -50 0.0

o 8-plate-backSurface
usemtl backSurface
f 1841/1841/1841 1888/1888/1888 1887/1887/1887
f 1844/1844/1844 1843/1843/1843 1842/1842/1842
f 1846/1846/1846 1845/1845/1845 1844/1844/1844
f 1850/1850/1850 1849/1849/1849 1848/1848/1848
f 1853/1853/1853 1852/1852/1852 1851/1851/1851
f 1857/1857/1857 1856/1856/1856 1855/1855/1855
f 1861/1861/1861 1860/1860/1860 1859/1859/1859
f 1865/1865/1865 1864/1864/1864 1863/1863/1863
f 1868/1868/1868 1867/1867/1867 1866/1866/1866
f 1870/1870/1870 1869/1869/1869 1868/1868/1868
f 1874/1874/1874 1873/1873/1873 1872/1872/1872
f 1877/1877/1877 1876/1876/1876 1875/1875/1875
f 1881/1881/1881 1880/1880/1880 1879/1879/1879
f 1885/1885/1885 1884/1884/1884 1883/1883/1883
f 1842/1842/1842 1841/1841/1841 1887/1887/1887
f 1846/1846/1846 1844/1844/1844 1842/1842/1842
f 1851/1851/1851 1850/1850/1850 1848/1848/1848
f 1854/1854/1854 1853/1853/1853 1851/1851/1851
f 1858/1858/1858 1857/1857/1857 1855/1855/1855
f 1862/1862/1862 1861/1861/1861 1859/1859/1859
f 1866/1866/1866 1865/1865/1865 1863/1863/1863
f 1870/1870/1870 1868/1868/1868 1866/1866/1866
f 1875/1875/1875 1874/1874/1874 1872/1872/1872
f 1878/1878/1878 1877/1877/1877 1875/1875/1875
f 1882/1882/1882 1881/1881/1881 1879/1879/1879
f 1886/1886/1886 1885/1885/1885 1883/1883/1883
f 1846/1846/1846 1842/1842/1842 1887/1887/1887
f 1854/1854/1854 1851/1851/1851 1848/1848/1848
f 1870/1870/1870 1866/1866/1866 1863/1863/1863
f 1878/1878/1878 1875/1875/1875 1872/1872/1872
f 1846/1846/1846 1887/1887/1887 1886/1886/1886
f 1854/1854/1854 1848/1848/1848 1847/1847/1847
f 1870/1870/1870 1863/1863/1863 1862/1862/1862
f 1878/1878/1878 1872/1872/1872 1871/1871/1871
f 1846/1846/1846 1886/1886/1886 1883/1883/1883
f 1855/1855/1855 1854/1854/1854 1847/1847/1847
f 1870/1870/1870 1862/1862/1862 1859/1859/1859
f 1879/1879/1879 1878/1878/1878 1871/1871/1871
f 1846/1846/1846 1883/1883/1883 1882/1882/1882
f 1858/1858/1858 1855/1855/1855 1847/1847/1847
f 1870/1870/1870 1859/1859/1859 1858/1858/1858
f 1882/1882/1882 1879/1879/1879 1871/1871/1871
f 1847/1847/1847 1846/1846/1846 1882/1882/1882
f 1871/1871/1871 1870/1870/1870 1858/1858/1858
f 1847/1847/1847 1882/1882/1882 1871/1871/1871
f 1871/1871/1871 1858/1858/1858 1847/1847/1847

v -110.0914015634964 64.13336263390148 -0.0013125682747983092
v -113.51870804327068 59.208571238338536 -0.0013749095179633741
v -108.18351736498958 55.4956558847087 -0.001318675081137144
v -110.46838835150577 52.21246162100006 -0.0013602359099280648
v -105.54359695616938 48.785155140726346 -0.0013083271990126377
v -111.25577442245984 40.57716948145477 -0.0014122292709686235
v -116.18056581779622 44.004475961728474 -0.0014641379818698397
v -121.89274328408668 35.79649030245689 -0.0015680400538258255
v -116.96795188875029 32.36918382218318 -0.0015161313429103984
v -122.68012935504075 24.161198162911607 -0.0016200334148663842
v -127.60492075037713 27.588504643185313 -0.0016719421257818112
v -133.3170982166676 19.38051898391373 -0.001775844197737797
v -138.6522888949487 23.09343433754357 -0.0018320786345498163
v -135.2249824151744 28.01822573310652 -0.0017697373913847514
v -145.4849644887919 35.15844756701006 -0.0018778805391121978
v -148.91227096856616 30.233656171447112 -0.0019402217822914736
v -159.17225304218366 37.373878005350655 -0.00204836493001892
v -155.74494656240938 42.2986694009136 -0.001986023686853855
v -166.00492863602688 49.43889123481715 -0.0020941668345813014
v -169.43223511580115 44.5140998392542 -0.0021565080777463663
v -179.6922171894186 51.65432167315774 -0.0022646512254880236
v -176.26491070964437 56.57911306872069 -0.0022023099823087477
v -186.52489278326183 63.71933490262423 -0.002310453130050405
v -189.9521992630361 58.794543507061285 -0.00237279437321547
v -200.2121813366536 65.93476534096483 -0.0024809375209429163
v -196.78487485687933 70.85955673652776 -0.0024185962777778514
v -202.12006553516042 74.57247209015762 -0.0024748307146040815
v -199.83519454864424 77.85566635386624 -0.0024332698858131607
v -204.75998594398064 81.28297283413994 -0.0024851785967285878
v -199.04780847769018 89.49095849341153 -0.002381276524772602
v -194.12301708235378 86.06365201313783 -0.002329367813871386
v -188.41083961606333 94.27163767240941 -0.0022254657419154
v -193.33563101139973 97.69894415268311 -0.002277374452830827
v -187.62345354510927 105.9069298119547 -0.0021734723808748413
v -182.69866214977287 102.479623331681 -0.0021215636699594143
v -176.98648468348242 110.68760899095258 -0.0020176615980034285
v -171.65129400520132 106.97469363732274 -0.001961427161191409
v -175.0786004849756 102.04990224175978 -0.002023768404356474
v -164.8186184113581 94.90968040785624 -0.0019156252566290277
v -161.39131193158383 99.83447180341919 -0.001853284013449752
v -151.13132985796636 92.69424996951565 -0.0017451408657223055
v -154.5586363377406 87.7694585739527 -0.0018074821088873705
v -144.29865426412314 80.62923674004915 -0.0016993389611599241
v -140.87134778434887 85.5540281356121 -0.0016369977179948592
v -130.61136571073138 78.41380630170856 -0.001528854570253202
v -134.03867219050565 73.48901490614561 -0.0015911958134324777
v -123.77869011688816 66.34879307224207 -0.0014830526656908205
v -120.35138363711388 71.27358446780502 -0.0014207114225257556
v -110.09147978051632 64.13334111547536 5.998687431176791
v -113.5187862602906 59.20854971991242 5.9986250899336255
v -108.1835955820095 55.49563436628258 5.998681324370452
v -110.46846656852568 52.21244010257394 5.998639763541661
v -105.5436751731893 48.785133622300236 5.998691672252576
v -111.25585263947976 40.57714796302866 5.99858777018062
v -116.18064403481614 44.004454443302365 5.998535861469719
v -121.8928215011066 35.79646878403078 5.998431959397763
v -116.96803010577021 32.36916230375707 5.9984838681086785
v -122.68020757206067 24.161176644485494 5.9983799660367225
v -127.60499896739705 27.5884831247592 5.998328057325807
v -133.3171764336875 19.38049746548762 5.998224155253851
v -138.6523671119686 23.093412819117454 5.998167920817039
v -135.22506063219433 28.018204214680402 5.998230262060204
v -145.48504270581182 35.15842604858395 5.998122118912477
v -148.9123491855861 30.233634653021 5.998059777669297
v -159.1723312592036 37.37385648692454 5.99795163452157
v -155.7450247794293 42.29864788248749 5.998013975764735
v -166.00500685304678 49.43886971639103 5.997905832617008
v -169.43231333282108 44.514078320828084 5.9978434913738425
v -179.69229540643855 51.65430015473163 5.997735348226101
v -176.26498892666427 56.57909155029458 5.99779768946928
v -186.52497100028177 63.71931338419812 5.9976895463215385
v -189.95227748005604 58.79452198863517 5.997627205078373
v -200.21225955367353 65.9347438225387 5.997519061930646
v -196.78495307389926 70.85953521810166 5.997581403173811
v -202.12014375218035 74.57245057173151 5.997525168736985
v -199.83527276566417 77.85564483544013 5.997566729565776
v -204.76006416100057 81.28295131571383 5.99751482085486
v -199.04788669471012 89.49093697498542 5.997618722926816
v -194.12309529937372 86.06363049471172 5.9976706316377175
v -188.41091783308326 94.2716161539833 5.9977745337096735
v -193.33570922841966 97.698922634257 5.997722624998758
v -187.6235317621292 105.90690829352857 5.997826527070714
v -182.6987403667928 102.47960181325487 5.9978784357816295
v -176.98656290050235 110.68758747252646 5.9979823378535855
v -171.65137222222126 106.97467211889662 5.9980385722903975
v -175.07867870199553 102.04988072333367 5.997976231047232
v -164.81869662837804 94.90965888943013 5.99808437419496
v -161.39139014860376 99.83445028499308 5.998146715438139
v -151.13140807498627 92.69422845108954 5.998254858585867
v -154.55871455476054 87.7694370555266 5.9981925173427015
v -144.29873248114308 80.62921522162304 5.998300660490429
v -140.87142600136877 85.55400661718599 5.998363001733594
v -130.61144392775128 78.41378478328245 5.998471144881336
v -134.03875040752558 73.4889933877195 5.998408803638156
v -123.77876833390808 66.34877155381596 5.998516946785898
v -120.3514618541338 71.27356294937891 5.998579288029063

vn -0.7213873267173767 -0.6925318241119385 0
vn -0.9079594016075134 -0.4190581738948822 0
vn -0.6305926442146301 -0.7761139869689941 0
vn -0.9486833214759827 -0.3162277638912201 0
vn -0.2873478829860687 -0.9578262567520142 0
vn 0.7682212591171265 -0.6401844024658203 0
vn 0.2873478829860687 -0.9578262567520142 0
vn -0.7682212591171265 -0.6401844024658203 0
vn -0.2873478829860687 -0.9578262567520142 0
vn 0.7682212591171265 -0.6401844024658203 0
vn 0.2873478829860687 -0.9578262567520142 0
vn 0.7926239967346191 -0.6097107529640198 0
vn 0.47628316283226013 0.8792919516563416 0
vn 0.9723873138427734 0.23337295651435852 0
vn 0.7213873267173767 -0.6925318241119385 0
vn 0.9723873138427734 -0.23337295651435852 0
vn 0.7213873267173767 0.6925318241119385 0
vn 0.9723873138427734 0.23337295651435852 0
vn 0.7213873267173767 -0.6925318241119385 0
vn 0.9723873138427734 -0.23337295651435852 0
vn 0.7213873267173767 0.6925318241119385 0
vn 0.9723873138427734 0.23337295651435852 0
vn 0.7213873267173767 -0.6925318241119385 0
vn 0.9723873138427734 -0.23337295651435852 0
vn 0.7213873267173767 0.6925318241119385 0
vn 0.9079594016075134 0.4190581738948822 0
vn 0.6305926442146301 0.7761139869689941 0
vn 0.9486833214759827 0.3162277638912201 0
vn 0.2873478829860687 0.9578262567520142 0
vn -0.7682212591171265 0.6401844024658203 0
vn -0.2873478829860687 0.9578262567520142 0
vn 0.7682212591171265 0.6401844024658203 0
vn 0.2873478829860687 0.9578262567520142 0
vn -0.7682212591171265 0.6401844024658203 0
vn -0.2873478829860687 0.9578262567520142 0
vn -0.7926239967346191 0.6097107529640198 0
vn -0.47628316283226013 -0.8792919516563416 0
vn -0.9723873138427734 -0.23337295651435852 0
vn -0.7213873267173767 0.6925318241119385 0
vn -0.9723873138427734 0.23337295651435852 0
vn -0.7213873267173767 -0.6925318241119385 0
vn -0.9723873138427734 -0.23337295651435852 0
vn -0.7213873267173767 0.6925318241119385 0
vn -0.9723873138427734 0.23337295651435852 0
vn -0.7213873267173767 -0.6925318241119385 0
vn -0.9723873138427734 -0.23337295651435852 0
vn -0.7213873267173767 0.6925318241119385 0
vn -0.9723873138427734 0.23337295651435852 0
vn -0.9723873138427734 -0.23337295651435852 0
vn -0.47628316283226013 -0.8792919516563416 0
vn -0.9557790160179138 -0.29408586025238037 0
vn -0.6000000238418579 -0.800000011920929 0
vn -0.7682212591171265 -0.6401844024658203 0
vn 0.2873478829860687 -0.9578262567520142 0
vn 0.7682212591171265 -0.6401844024658203 0
vn -0.2873478829860687 -0.9578262567520142 0
vn -0.7682212591171265 -0.6401844024658203 0
vn 0.2873478829860687 -0.9578262567520142 0
vn 0.7682212591171265 -0.6401844024658203 0
vn 0.3090860843658447 -0.9510340690612793 0
vn 0.9079594016075134 0.4190581738948822 0
vn 0.7213873267173767 0.6925318241119385 0
vn 0.9723873138427734 -0.23337295651435852 0
vn 0.7213873267173767 -0.6925318241119385 0
vn 0.9723873138427734 0.23337295651435852 0
vn 0.7213873267173767 0.6925318241119385 0
vn 0.9723873138427734 -0.23337295651435852 0
vn 0.7213873267173767 -0.6925318241119385 0
vn 0.9723873138427734 0.23337295651435852 0
vn 0.7213873267173767 0.6925318241119385 0
vn 0.9723873138427734 -0.23337295651435852 0
vn 0.7213873267173767 -0.6925318241119385 0
vn 0.9723873138427734 0.23337295651435852 0
vn 0.47628316283226013 0.8792919516563416 0
vn 0.9557790160179138 0.29408586025238037 0
vn 0.6000000238418579 0.800000011920929 0
vn 0.7682212591171265 0.6401844024658203 0
vn -0.2873478829860687 0.9578262567520142 0
vn -0.7682212591171265 0.6401844024658203 0
vn 0.2873478829860687 0.9578262567520142 0
vn 0.7682212591171265 0.6401844024658203 0
vn -0.2873478829860687 0.9578262567520142 0
vn -0.7682212591171265 0.6401844024658203 0
vn -0.3090860843658447 0.9510340690612793 0
vn -0.9079594016075134 -0.4190581738948822 0
vn -0.7213873267173767 -0.6925318241119385 0
vn -0.9723873138427734 0.23337295651435852 0
vn -0.7213873267173767 0.6925318241119385 0
vn -0.9723873138427734 -0.23337295651435852 0
vn -0.7213873267173767 -0.6925318241119385 0
vn -0.9723873138427734 0.23337295651435852 0
vn -0.7213873267173767 0.6925318241119385 0
vn -0.9723873138427734 -0.23337295651435852 0
vn -0.7213873267173767 -0.6925318241119385 0
vn -0.9723873138427734 0.23337295651435852 0
vn -0.7213873267173767 0.6925318241119385 0

vt 0 0 0.0
vt 6 0 0.0
vt 12.5 0 0.0
vt 16.5 0 0.0
vt 22.5 0 0.0
vt 32.5 0 0.0
vt 38.5 0 0.0
vt 48.5 0 0.0
vt 54.5 0 0.0
vt 64.5 0 0.0
vt 70.5 0 0.0
vt 80.5 0 0.0
vt 87 0 0.0
vt 93 0 0.0
vt 105.5 0 0.0
vt 111.5 0 0.0
vt 124 0 0.0
vt 130 0 0.0
vt 142.5 0 0.0
vt 148.5 0 0.0
vt 161 0 0.0
vt 167 0 0.0
vt 179.5 0 0.0
vt 185.5 0 0.0
vt 198 0 0.0
vt 204 0 0.0
vt 210.5 0 0.0
vt 214.5 0 0.0
vt 220.5 0 0.0
vt 230.5 0 0.0
vt 236.5 0 0.0
vt 246.5 0 0.0
vt 252.5 0 0.0
vt 262.5 0 0.0
vt 268.5 0 0.0
vt 278.5 0 0.0
vt 285 0 0.0
vt 291 0 0.0
vt 303.5 0 0.0
vt 309.5 0 0.0
vt 322 0 0.0
vt 328 0 0.0
vt 340.5 0 0.0
vt 346.5 0 0.0
vt 359 0 0.0
vt 365 0 0.0
vt 377.5 0 0.0
vt 383.5 0 0.0
vt 0 1 0.0
vt 6 1 0.0
vt 12.5 1 0.0
vt 16.5 1 0.0
vt 22.5 1 0.0
vt 32.5 1 0.0
vt 38.5 1 0.0
vt 48.5 1 0.0
vt 54.5 1 0.0
vt 64.5 1 0.0
vt 70.5 1 0.0
vt 80.5 1 0.0
vt 87 1 0.0
vt 93 1 0.0
vt 105.5 1 0.0
vt 111.5 1 0.0
vt 124 1 0.0
vt 130 1 0.0
vt 142.5 1 0.0
vt 148.5 1 0.0
vt 161 1 0.0
vt 167 1 0.0
vt 179.5 1 0.0
vt 185.5 1 0.0
vt 198 1 0.0
vt 204 1 0.0
vt 210.5 1 0.0
vt 214.5 1 0.0
vt 220.5 1 0.0
vt 230.5 1 0.0
vt 236.5 1 0.0
vt 246.5 1 0.0
vt 252.5 1 0.0
vt 262.5 1 0.0
vt 268.5 1 0.0
vt 278.5 1 0.0
vt 285 1 0.0
vt 291 1 0.0
vt 303.5 1 0.0
vt 309.5 1 0.0
vt 322 1 0.0
vt 328 1 0.0
vt 340.5 1 0.0
vt 346.5 1 0.0
vt 359 1 0.0
vt 365 1 0.0
vt 377.5 1 0.0
vt 383.5 1 0.0

o 8-plate-outlineSide
usemtl burnededges
f 1889/1889/1889 1937/1937/1937 1938/1938/1938
f 1889/1889/1889 1938/1938/1938 1890/1890/1890
f 1890/1890/1890 1938/1938/1938 1939/1939/1939
f 1890/1890/1890 1939/1939/1939 1891/1891/1891
f 1891/1891/1891 1939/1939/1939 1940/1940/1940
f 1891/1891/1891 1940/1940/1940 1892/1892/1892
f 1892/1892/1892 1940/1940/1940 1941/1941/1941
f 1892/1892/1892 1941/1941/1941 1893/1893/1893
f 1893/1893/1893 1941/1941/1941 1942/1942/1942
f 1893/1893/1893 1942/1942/1942 1894/1894/1894
f 1894/1894/1894 1942/1942/1942 1943/1943/1943
f 1894/1894/1894 1943/1943/1943 1895/1895/1895
f 1895/1895/1895 1943/1943/1943 1944/1944/1944
f 1895/1895/1895 1944/1944/1944 1896/1896/1896
f 1896/1896/1896 1944/1944/1944 1945/1945/1945
f 1896/1896/1896 1945/1945/1945 1897/1897/1897
f 1897/1897/1897 1945/1945/1945 1946/1946/1946
f 1897/1897/1897 1946/1946/1946 1898/1898/1898
f 1898/1898/1898 1946/1946/1946 1947/1947/1947
f 1898/1898/1898 1947/1947/1947 1899/1899/1899
f 1899/1899/1899 1947/1947/1947 1948/1948/1948
f 1899/1899/1899 1948/1948/1948 1900/1900/1900
f 1900/1900/1900 1948/1948/1948 1949/1949/1949
f 1900/1900/1900 1949/1949/1949 1901/1901/1901
f 1901/1901/1901 1949/1949/1949 1950/1950/1950
f 1901/1901/1901 1950/1950/1950 1902/1902/1902
f 1902/1902/1902 1950/1950/1950 1951/1951/1951
f 1902/1902/1902 1951/1951/1951 1903/1903/1903
f 1903/1903/1903 1951/1951/1951 1952/1952/1952
f 1903/1903/1903 1952/1952/1952 1904/1904/1904
f 1904/1904/1904 1952/1952/1952 1953/1953/1953
f 1904/1904/1904 1953/1953/1953 1905/1905/1905
f 1905/1905/1905 1953/1953/1953 1954/1954/1954
f 1905/1905/1905 1954/1954/1954 1906/1906/1906
f 1906/1906/1906 1954/1954/1954 1955/1955/1955
f 1906/1906/1906 1955/1955/1955 1907/1907/1907
f 1907/1907/1907 1955/1955/1955 1956/1956/1956
f 1907/1907/1907 1956/1956/1956 1908/1908/1908
f 1908/1908/1908 1956/1956/1956 1957/1957/1957
f 1908/1908/1908 1957/1957/1957 1909/1909/1909
f 1909/1909/1909 1957/1957/1957 1958/1958/1958
f 1909/1909/1909 1958/1958/1958 1910/1910/1910
f 1910/1910/1910 1958/1958/1958 1959/1959/1959
f 1910/1910/1910 1959/1959/1959 1911/1911/1911
f 1911/1911/1911 1959/1959/1959 1960/1960/1960
f 1911/1911/1911 1960/1960/1960 1912/1912/1912
f 1912/1912/1912 1960/1960/1960 1961/1961/1961
f 1912/1912/1912 1961/1961/1961 1913/1913/1913
f 1913/1913/1913 1961/1961/1961 1962/1962/1962
f 1913/1913/1913 1962/1962/1962 1914/1914/1914
f 1914/1914/1914 1962/1962/1962 1963/1963/1963
f 1914/1914/1914 1963/1963/1963 1915/1915/1915
f 1915/1915/1915 1963/1963/1963 1964/1964/1964
f 1915/1915/1915 1964/1964/1964 1916/1916/1916
f 1916/1916/1916 1964/1964/1964 1965/1965/1965
f 1916/1916/1916 1965/1965/1965 1917/1917/1917
f 1917/1917/1917 1965/1965/1965 1966/1966/1966
f 1917/1917/1917 1966/1966/1966 1918/1918/1918
f 1918/1918/1918 1966/1966/1966 1967/1967/1967
f 1918/1918/1918 1967/1967/1967 1919/1919/1919
f 1919/1919/1919 1967/1967/1967 1968/1968/1968
f 1919/1919/1919 1968/1968/1968 1920/1920/1920
f 1920/1920/1920 1968/1968/1968 1969/1969/1969
f 1920/1920/1920 1969/1969/1969 1921/1921/1921
f 1921/1921/1921 1969/1969/1969 1970/1970/1970
f 1921/1921/1921 1970/1970/1970 1922/1922/1922
f 1922/1922/1922 1970/1970/1970 1971/1971/1971
f 1922/1922/1922 1971/1971/1971 1923/1923/1923
f 1923/1923/1923 1971/1971/1971 1972/1972/1972
f 1923/1923/1923 1972/1972/1972 1924/1924/1924
f 1924/1924/1924 1972/1972/1972 1973/1973/1973
f 1924/1924/1924 1973/1973/1973 1925/1925/1925
f 1925/1925/1925 1973/1973/1973 1974/1974/1974
f 1925/1925/1925 1974/1974/1974 1926/1926/1926
f 1926/1926/1926 1974/1974/1974 1975/1975/1975
f 1926/1926/1926 1975/1975/1975 1927/1927/1927
f 1927/1927/1927 1975/1975/1975 1976/1976/1976
f 1927/1927/1927 1976/1976/1976 1928/1928/1928
f 1928/1928/1928 1976/1976/1976 1977/1977/1977
f 1928/1928/1928 1977/1977/1977 1929/1929/1929
f 1929/1929/1929 1977/1977/1977 1978/1978/1978
f 1929/1929/1929 1978/1978/1978 1930/1930/1930
f 1930/1930/1930 1978/1978/1978 1979/1979/1979
f 1930/1930/1930 1979/1979/1979 1931/1931/1931
f 1931/1931/1931 1979/1979/1979 1980/1980/1980
f 1931/1931/1931 1980/1980/1980 1932/1932/1932
f 1932/1932/1932 1980/1980/1980 1981/1981/1981
f 1932/1932/1932 1981/1981/1981 1933/1933/1933
f 1933/1933/1933 1981/1981/1981 1982/1982/1982
f 1933/1933/1933 1982/1982/1982 1934/1934/1934
f 1934/1934/1934 1982/1982/1982 1983/1983/1983
f 1934/1934/1934 1983/1983/1983 1935/1935/1935
f 1935/1935/1935 1983/1983/1983 1984/1984/1984
f 1935/1935/1935 1984/1984/1984 1936/1936/1936
f 1936/1936/1936 1984/1984/1984 1937/1937/1937
f 1936/1936/1936 1937/1937/1937 1889/1889/1889




o 8-plate-holeSide
usemtl burnededges

v -167.21745648677387 58.20120907339977 49.99792145623118
v -162.29266509143747 54.77390259312607 49.9979733649421
v -166.0055804445263 49.43871191459953 49.99790582859532
v -157.79759478563227 43.726534447476695 49.99799234311351
v -161.22490126540657 38.801743051913746 49.99793000187033
v -153.01691560651255 33.08956558479091 49.99801651638852
v -149.5896091267383 38.01435698035387 49.9980788576317
v -141.3816234678443 32.30217951323103 49.998165372149884
v -144.80892994761857 27.377388117668083 49.998103030906705
v -136.60094428872458 21.665210650545244 49.99818954542489
v -133.1736378089503 26.590002046108197 49.99825188666807
v -129.8904435453927 24.305131059259068 49.998286492475344
v -127.60557255887652 27.588325322967698 49.99832805330412
v -122.68078116354013 24.16101884269399 49.998379962015036
v -116.96860369724966 32.36900450196558 49.99848386408699
v -121.89339509258606 35.796310982239284 49.99843195537608
v -116.18121762629559 44.00429664151086 49.99853585744803
v -111.25642623095919 40.57699016123716 49.998587766158934
v -105.54424876466874 48.78497582050874 49.99869166823089
v -110.46904016000514 52.21228230078244 49.998639759519975
v -104.75686269371468 60.42026796005402 49.99874366159193
v -110.09205337199577 64.13318331368387 49.998687427155105
v -113.51935985177005 59.208391918120924 49.99862508591194
v -123.77934192538754 66.34861375202446 49.99851694276421
v -120.35203544561325 71.2734051475874 49.99857928400738
v -130.61201751923076 78.41362698149095 49.99847114085965
v -134.03932399900503 73.488835585928 49.99840879961647
v -149.22409746795893 84.05636390010525 49.99824874775783
v -152.93701282104774 78.72117322157871 49.998181211411065
v -148.01222142571135 75.29386674130501 49.99823312012197
v -155.1524432585744 65.03388466721555 49.998103242532025
v -160.0772346539108 68.46119114748925 49.998051333821124

vn 0 0 1
vn 0 0 1
vn 0 0 1
vn 0 0 1
vn 0 0 1
vn 0 0 1
vn 0 0 1
vn 0 0 1
vn 0 0 1
vn 0 0 1
vn 0 0 1
vn 0 0 1
vn 0 0 1
vn 0 0 1
vn 0 0 1
vn 0 0 1
vn 0 0 1
vn 0 0 1
vn 0 0 1
vn 0 0 1
vn 0 0 1
vn 0 0 1
vn 0 0 1
vn 0 0 1
vn 0 0 1
vn 0 0 1
vn 0 0 1
vn 0 0 1
vn 0 0 1
vn 0 0 1
vn 0 0 1
vn 0 0 1

vt -31 -12.5 0.0
vt -25 -12.5 0.0
vt -25 -19 0.0
vt -15 -19 0.0
vt -15 -25 0.0
vt -5 -25 0.0
vt -5 -19 0.0
vt 5 -19 0.0
vt 5 -25 0.0
vt 15 -25 0.0
vt 15 -19 0.0
vt 19 -19 0.0
vt 19 -15 0.0
vt 25 -15 0.0
vt 25 -5 0.0
vt 19 -5 0.0
vt 19 5 0.0
vt 25 5 0.0
vt 25 15 0.0
vt 19 15 0.0
vt 19 25 0.0
vt 12.5 25 0.0
vt 12.5 19 0.0
vt -2.842170943040401e-14 19 0.0
vt -2.842170943040401e-14 25 0.0
vt -12.5 25 0.0
vt -12.5 19 0.0
vt -31 19 0.0
vt -31 12.5 0.0
vt -25 12.5 0.0
vt -25 -7.815970093361102e-14 0.0
vt -31 -7.815970093361102e-14 0.0

o 9-plate-frontSurface
usemtl frontSurface
f 2015/2015/2015 2016/2016/2016 1985/1985/1985
f 1986/1986/1986 1987/1987/1987 1988/1988/1988
f 1988/1988/1988 1989/1989/1989 1990/1990/1990
f 1992/1992/1992 1993/1993/1993 1994/1994/1994
f 1995/1995/1995 1996/1996/1996 1997/1997/1997
f 1997/1997/1997 1998/1998/1998 1999/1999/1999
f 2001/2001/2001 2002/2002/2002 2003/2003/2003
f 2004/2004/2004 2005/2005/2005 2006/2006/2006
f 2008/2008/2008 2009/2009/2009 2010/2010/2010
f 2011/2011/2011 2012/2012/2012 2013/2013/2013
f 2015/2015/2015 1985/1985/1985 1986/1986/1986
f 1986/1986/1986 1988/1988/1988 1990/1990/1990
f 1992/1992/1992 1994/1994/1994 1995/1995/1995
f 1995/1995/1995 1997/1997/1997 1999/1999/1999
f 2001/2001/2001 2003/2003/2003 2004/2004/2004
f 2004/2004/2004 2006/2006/2006 2007/2007/2007
f 2008/2008/2008 2010/2010/2010 2011/2011/2011
f 2011/2011/2011 2013/2013/2013 2014/2014/2014
f 2015/2015/2015 1986/1986/1986 1990/1990/1990
f 1992/1992/1992 1995/1995/1995 1999/1999/1999
f 2001/2001/2001 2004/2004/2004 2007/2007/2007
f 2008/2008/2008 2011/2011/2011 2014/2014/2014
f 2014/2014/2014 2015/2015/2015 1990/1990/1990
f 1991/1991/1991 1992/1992/1992 1999/1999/1999
f 2000/2000/2000 2001/2001/2001 2007/2007/2007
f 2007/2007/2007 2008/2008/2008 2014/2014/2014
f 2014/2014/2014 1990/1990/1990 1991/1991/1991
f 1991/1991/1991 1999/1999/1999 2000/2000/2000
f 2000/2000/2000 2007/2007/2007 2014/2014/2014
f 2014/2014/2014 1991/1991/1991 2000/2000/2000

v -167.21737826975397 58.201230591825876 43.99792145677959
v -162.29258687441757 54.773924111552176 43.99797336549051
v -166.00550222750635 49.43873343302565 43.99790582914373
v -157.79751656861237 43.72655596590281 43.99799234366192
v -161.22482304838664 38.801764570339856 43.99793000241874
v -153.01683738949265 33.08958710321703 43.99801651693693
v -149.58953090971838 38.014378498779976 43.99807885818011
v -141.38154525082436 32.30220103165715 43.998165372698296
v -144.80885173059863 27.3774096360942 43.998103031455116
v -136.60086607170467 21.665232168971357 43.998189545973304
v -133.17355959193037 26.590023564534306 43.99825188721648
v -129.89036532837278 24.305152577685178 43.998286493023755
v -127.6054943418566 27.588346841393815 43.99832805385253
v -122.68070294652021 24.161040361120108 43.99837996256345
v -116.96852548022974 32.36902602039169 43.9984838646354
v -121.89331687556614 35.7963325006654 43.99843195592449
v -116.18113940927567 44.00431815993698 43.998535857996444
v -111.25634801393927 40.57701167966328 43.998587766707345
v -105.54417054764882 48.78499733893486 43.9986916687793
v -110.46896194298522 52.21230381920856 43.998639760068386
v -104.75678447669476 60.420289478480136 43.99874366214034
v -110.09197515497586 64.13320483210998 43.998687427703516
v -113.51928163475013 59.20841343654703 43.99862508646035
v -123.77926370836762 66.34863527045057 43.99851694331262
v -120.35195722859334 71.27342666601352 43.99857928455579
v -130.61193930221083 78.41364849991706 43.99847114140806
v -134.03924578198513 73.48885710435411 43.99840880016488
v -149.224019250939 84.05638541853136 43.99824874830624
v -152.9369346040278 78.72119474000483 43.998181211959476
v -148.0121432086914 75.29388825973112 43.99823312067038
v -155.15236504155448 65.03390618564165 43.998103243080436
v -160.07715643689087 68.46121266591535 43.998051334369535

vn 0 0 -1
vn 0 0 -1
vn 0 0 -1
vn 0 0 -1
vn 0 0 -1
vn 0 0 -1
vn 0 0 -1
vn 0 0 -1
vn 0 0 -1
vn 0 0 -1
vn 0 0 -1
vn 0 0 -1
vn 0 0 -1
vn 0 0 -1
vn 0 0 -1
vn 0 0 -1
vn 0 0 -1
vn 0 0 -1
vn 0 0 -1
vn 0 0 -1
vn 0 0 -1
vn 0 0 -1
vn 0 0 -1
vn 0 0 -1
vn 0 0 -1
vn 0 0 -1
vn 0 0 -1
vn 0 0 -1
vn 0 0 -1
vn 0 0 -1
vn 0 0 -1
vn 0 0 -1

vt -31 -12.5 0.0
vt -25 -12.5 0.0
vt -25 -19 0.0
vt -15 -19 0.0
vt -15 -25 0.0
vt -5 -25 0.0
vt -5 -19 0.0
vt 5 -19 0.0
vt 5 -25 0.0
vt 15 -25 0.0
vt 15 -19 0.0
vt 19 -19 0.0
vt 19 -15 0.0
vt 25 -15 0.0
vt 25 -5 0.0
vt 19 -5 0.0
vt 19 5 0.0
vt 25 5 0.0
vt 25 15 0.0
vt 19 15 0.0
vt 19 25 0.0
vt 12.5 25 0.0
vt 12.5 19 0.0
vt -2.842170943040401e-14 19 0.0
vt -2.842170943040401e-14 25 0.0
vt -12.5 25 0.0
vt -12.5 19 0.0
vt -31 19 0.0
vt -31 12.5 0.0
vt -25 12.5 0.0
vt -25 -7.815970093361102e-14 0.0
vt -31 -7.815970093361102e-14 0.0

o 9-plate-backSurface
usemtl backSurface
f 2017/2017/2017 2048/2048/2048 2047/2047/2047
f 2020/2020/2020 2019/2019/2019 2018/2018/2018
f 2022/2022/2022 2021/2021/2021 2020/2020/2020
f 2026/2026/2026 2025/2025/2025 2024/2024/2024
f 2029/2029/2029 2028/2028/2028 2027/2027/2027
f 2031/2031/2031 2030/2030/2030 2029/2029/2029
f 2035/2035/2035 2034/2034/2034 2033/2033/2033
f 2038/2038/2038 2037/2037/2037 2036/2036/2036
f 2042/2042/2042 2041/2041/2041 2040/2040/2040
f 2045/2045/2045 2044/2044/2044 2043/2043/2043
f 2018/2018/2018 2017/2017/2017 2047/2047/2047
f 2022/2022/2022 2020/2020/2020 2018/2018/2018
f 2027/2027/2027 2026/2026/2026 2024/2024/2024
f 2031/2031/2031 2029/2029/2029 2027/2027/2027
f 2036/2036/2036 2035/2035/2035 2033/2033/2033
f 2039/2039/2039 2038/2038/2038 2036/2036/2036
f 2043/2043/2043 2042/2042/2042 2040/2040/2040
f 2046/2046/2046 2045/2045/2045 2043/2043/2043
f 2022/2022/2022 2018/2018/2018 2047/2047/2047
f 2031/2031/2031 2027/2027/2027 2024/2024/2024
f 2039/2039/2039 2036/2036/2036 2033/2033/2033
f 2046/2046/2046 2043/2043/2043 2040/2040/2040
f 2022/2022/2022 2047/2047/2047 2046/2046/2046
f 2031/2031/2031 2024/2024/2024 2023/2023/2023
f 2039/2039/2039 2033/2033/2033 2032/2032/2032
f 2046/2046/2046 2040/2040/2040 2039/2039/2039
f 2023/2023/2023 2022/2022/2022 2046/2046/2046
f 2032/2032/2032 2031/2031/2031 2023/2023/2023
f 2046/2046/2046 2039/2039/2039 2032/2032/2032
f 2032/2032/2032 2023/2023/2023 2046/2046/2046

v -167.21745648677387 58.20120907339977 49.99792145623118
v -162.29266509143747 54.77390259312607 49.9979733649421
v -166.0055804445263 49.43871191459953 49.99790582859532
v -157.79759478563227 43.726534447476695 49.99799234311351
v -161.22490126540657 38.801743051913746 49.99793000187033
v -153.01691560651255 33.08956558479091 49.99801651638852
v -149.5896091267383 38.01435698035387 49.9980788576317
v -141.3816234678443 32.30217951323103 49.998165372149884
v -144.80892994761857 27.377388117668083 49.998103030906705
v -136.60094428872458 21.665210650545244 49.99818954542489
v -133.1736378089503 26.590002046108197 49.99825188666807
v -129.8904435453927 24.305131059259068 49.998286492475344
v -127.60557255887652 27.588325322967698 49.99832805330412
v -122.68078116354013 24.16101884269399 49.998379962015036
v -116.96860369724966 32.36900450196558 49.99848386408699
v -121.89339509258606 35.796310982239284 49.99843195537608
v -116.18121762629559 44.00429664151086 49.99853585744803
v -111.25642623095919 40.57699016123716 49.998587766158934
v -105.54424876466874 48.78497582050874 49.99869166823089
v -110.46904016000514 52.21228230078244 49.998639759519975
v -104.75686269371468 60.42026796005402 49.99874366159193
v -110.09205337199577 64.13318331368387 49.998687427155105
v -113.51935985177005 59.208391918120924 49.99862508591194
v -123.77934192538754 66.34861375202446 49.99851694276421
v -120.35203544561325 71.2734051475874 49.99857928400738
v -130.61201751923076 78.41362698149095 49.99847114085965
v -134.03932399900503 73.488835585928 49.99840879961647
v -149.22409746795893 84.05636390010525 49.99824874775783
v -152.93701282104774 78.72117322157871 49.998181211411065
v -148.01222142571135 75.29386674130501 49.99823312012197
v -155.1524432585744 65.03388466721555 49.998103242532025
v -160.0772346539108 68.46119114748925 49.998051333821124
v -167.21737826975397 58.201230591825876 43.99792145677959
v -162.29258687441757 54.773924111552176 43.99797336549051
v -166.00550222750635 49.43873343302565 43.99790582914373
v -157.79751656861237 43.72655596590281 43.99799234366192
v -161.22482304838664 38.801764570339856 43.99793000241874
v -153.01683738949265 33.08958710321703 43.99801651693693
v -149.58953090971838 38.014378498779976 43.99807885818011
v -141.38154525082436 32.30220103165715 43.998165372698296
v -144.80885173059863 27.3774096360942 43.998103031455116
v -136.60086607170467 21.665232168971357 43.998189545973304
v -133.17355959193037 26.590023564534306 43.99825188721648
v -129.89036532837278 24.305152577685178 43.998286493023755
v -127.6054943418566 27.588346841393815 43.99832805385253
v -122.68070294652021 24.161040361120108 43.99837996256345
v -116.96852548022974 32.36902602039169 43.9984838646354
v -121.89331687556614 35.7963325006654 43.99843195592449
v -116.18113940927567 44.00431815993698 43.998535857996444
v -111.25634801393927 40.57701167966328 43.998587766707345
v -105.54417054764882 48.78499733893486 43.9986916687793
v -110.46896194298522 52.21230381920856 43.998639760068386
v -104.75678447669476 60.420289478480136 43.99874366214034
v -110.09197515497586 64.13320483210998 43.998687427703516
v -113.51928163475013 59.20841343654703 43.99862508646035
v -123.77926370836762 66.34863527045057 43.99851694331262
v -120.35195722859334 71.27342666601352 43.99857928455579
v -130.61193930221083 78.41364849991706 43.99847114140806
v -134.03924578198513 73.48885710435411 43.99840880016488
v -149.224019250939 84.05638541853136 43.99824874830624
v -152.9369346040278 78.72119474000483 43.998181211959476
v -148.0121432086914 75.29388825973112 43.99823312067038
v -155.15236504155448 65.03390618564165 43.998103243080436
v -160.07715643689087 68.46121266591535 43.998051334369535

vn -0.7213873267173767 -0.6925318241119385 0
vn -0.9079594016075134 -0.4190581738948822 0
vn -0.3090860843658447 -0.9510340690612793 0
vn -0.7682212591171265 -0.6401844024658203 0
vn -0.2873478829860687 -0.9578262567520142 0
vn 0.7682212591171265 -0.6401844024658203 0
vn 0.2873478829860687 -0.9578262567520142 0
vn -0.7682212591171265 -0.6401844024658203 0
vn -0.2873478829860687 -0.9578262567520142 0
vn 0.7682212591171265 -0.6401844024658203 0
vn 0.6000000238418579 -0.800000011920929 0
vn 0.8944271802902222 -0.4472135901451111 0
vn 0.3162277638912201 -0.9486833214759827 0
vn 0.9578262567520142 -0.2873478829860687 0
vn 0.6401844024658203 0.7682212591171265 0
vn 0.9578262567520142 0.2873478829860687 0
vn 0.6401844024658203 -0.7682212591171265 0
vn 0.9578262567520142 -0.2873478829860687 0
vn 0.6401844024658203 0.7682212591171265 0
vn 0.9578262567520142 0.2873478829860687 0
vn 0.6097107529640198 0.7926239967346191 0
vn -0.8792919516563416 0.47628316283226013 0
vn -0.23337295651435852 0.9723873138427734 0
vn 0.6925318241119385 0.7213873267173767 0
vn 0.23337295651435852 0.9723873138427734 0
vn -0.6925318241119385 0.7213873267173767 0
vn -0.16007116436958313 0.9871054887771606 0
vn -0.5749455094337463 0.8181917071342468 0
vn -0.47628316283226013 -0.8792919516563416 0
vn -0.9723873138427734 -0.23337295651435852 0
vn -0.7213873267173767 0.6925318241119385 0
vn -0.9723873138427734 0.23337295651435852 0
vn -0.9723873138427734 -0.23337295651435852 0
vn -0.47628316283226013 -0.8792919516563416 0
vn -0.7926239967346191 -0.6097107529640198 0
vn -0.2873478829860687 -0.9578262567520142 0
vn -0.7682212591171265 -0.6401844024658203 0
vn 0.2873478829860687 -0.9578262567520142 0
vn 0.7682212591171265 -0.6401844024658203 0
vn -0.2873478829860687 -0.9578262567520142 0
vn -0.7682212591171265 -0.6401844024658203 0
vn 0.2873478829860687 -0.9578262567520142 0
vn 0.9486833214759827 -0.3162277638912201 0
vn 0.4472135901451111 -0.8944271802902222 0
vn 0.800000011920929 -0.6000000238418579 0
vn 0.6401844024658203 -0.7682212591171265 0
vn 0.9578262567520142 0.2873478829860687 0
vn 0.6401844024658203 0.7682212591171265 0
vn 0.9578262567520142 -0.2873478829860687 0
vn 0.6401844024658203 -0.7682212591171265 0
vn 0.9578262567520142 0.2873478829860687 0
vn 0.6401844024658203 0.7682212591171265 0
vn 0.9510340690612793 0.3090860843658447 0
vn -0.4190581738948822 0.9079594016075134 0
vn -0.6925318241119385 0.7213873267173767 0
vn 0.23337295651435852 0.9723873138427734 0
vn 0.6925318241119385 0.7213873267173767 0
vn -0.23337295651435852 0.9723873138427734 0
vn -0.5441911220550537 0.8389613032341003 0
vn -0.17302601039409637 0.9849172830581665 0
vn -0.9079594016075134 -0.4190581738948822 0
vn -0.7213873267173767 -0.6925318241119385 0
vn -0.9723873138427734 0.23337295651435852 0
vn -0.7213873267173767 0.6925318241119385 0

vt 0 0 0.0
vt 6 0 0.0
vt 12.5 0 0.0
vt 22.5 0 0.0
vt 28.5 0 0.0
vt 38.5 0 0.0
vt 44.5 0 0.0
vt 54.5 0 0.0
vt 60.5 0 0.0
vt 70.5 0 0.0
vt 76.5 0 0.0
vt 80.5 0 0.0
vt 84.5 0 0.0
vt 90.5 0 0.0
vt 100.5 0 0.0
vt 106.5 0 0.0
vt 116.5 0 0.0
vt 122.5 0 0.0
vt 132.5 0 0.0
vt 138.5 0 0.0
vt 148.5 0 0.0
vt 155 0 0.0
vt 161 0 0.0
vt 173.5 0 0.0
vt 179.5 0 0.0
vt 192 0 0.0
vt 198 0 0.0
vt 216.5 0 0.0
vt 223 0 0.0
vt 229 0 0.0
vt 241.5 0 0.0
vt 247.5 0 0.0
vt 0 1 0.0
vt 6 1 0.0
vt 12.5 1 0.0
vt 22.5 1 0.0
vt 28.5 1 0.0
vt 38.5 1 0.0
vt 44.5 1 0.0
vt 54.5 1 0.0
vt 60.5 1 0.0
vt 70.5 1 0.0
vt 76.5 1 0.0
vt 80.5 1 0.0
vt 84.5 1 0.0
vt 90.5 1 0.0
vt 100.5 1 0.0
vt 106.5 1 0.0
vt 116.5 1 0.0
vt 122.5 1 0.0
vt 132.5 1 0.0
vt 138.5 1 0.0
vt 148.5 1 0.0
vt 155 1 0.0
vt 161 1 0.0
vt 173.5 1 0.0
vt 179.5 1 0.0
vt 192 1 0.0
vt 198 1 0.0
vt 216.5 1 0.0
vt 223 1 0.0
vt 229 1 0.0
vt 241.5 1 0.0
vt 247.5 1 0.0

o 9-plate-outlineSide
usemtl burnededges
f 2049/2049/2049 2081/2081/2081 2082/2082/2082
f 2049/2049/2049 2082/2082/2082 2050/2050/2050
f 2050/2050/2050 2082/2082/2082 2083/2083/2083
f 2050/2050/2050 2083/2083/2083 2051/2051/2051
f 2051/2051/2051 2083/2083/2083 2084/2084/2084
f 2051/2051/2051 2084/2084/2084 2052/2052/2052
f 2052/2052/2052 2084/2084/2084 2085/2085/2085
f 2052/2052/2052 2085/2085/2085 2053/2053/2053
f 2053/2053/2053 2085/2085/2085 2086/2086/2086
f 2053/2053/2053 2086/2086/2086 2054/2054/2054
f 2054/2054/2054 2086/2086/2086 2087/2087/2087
f 2054/2054/2054 2087/2087/2087 2055/2055/2055
f 2055/2055/2055 2087/2087/2087 2088/2088/2088
f 2055/2055/2055 2088/2088/2088 2056/2056/2056
f 2056/2056/2056 2088/2088/2088 2089/2089/2089
f 2056/2056/2056 2089/2089/2089 2057/2057/2057
f 2057/2057/2057 2089/2089/2089 2090/2090/2090
f 2057/2057/2057 2090/2090/2090 2058/2058/2058
f 2058/2058/2058 2090/2090/2090 2091/2091/2091
f 2058/2058/2058 2091/2091/2091 2059/2059/2059
f 2059/2059/2059 2091/2091/2091 2092/2092/2092
f 2059/2059/2059 2092/2092/2092 2060/2060/2060
f 2060/2060/2060 2092/2092/2092 2093/2093/2093
f 2060/2060/2060 2093/2093/2093 2061/2061/2061
f 2061/2061/2061 2093/2093/2093 2094/2094/2094
f 2061/2061/2061 2094/2094/2094 2062/2062/2062
f 2062/2062/2062 2094/2094/2094 2095/2095/2095
f 2062/2062/2062 2095/2095/2095 2063/2063/2063
f 2063/2063/2063 2095/2095/2095 2096/2096/2096
f 2063/2063/2063 2096/2096/2096 2064/2064/2064
f 2064/2064/2064 2096/2096/2096 2097/2097/2097
f 2064/2064/2064 2097/2097/2097 2065/2065/2065
f 2065/2065/2065 2097/2097/2097 2098/2098/2098
f 2065/2065/2065 2098/2098/2098 2066/2066/2066
f 2066/2066/2066 2098/2098/2098 2099/2099/2099
f 2066/2066/2066 2099/2099/2099 2067/2067/2067
f 2067/2067/2067 2099/2099/2099 2100/2100/2100
f 2067/2067/2067 2100/2100/2100 2068/2068/2068
f 2068/2068/2068 2100/2100/2100 2101/2101/2101
f 2068/2068/2068 2101/2101/2101 2069/2069/2069
f 2069/2069/2069 2101/2101/2101 2102/2102/2102
f 2069/2069/2069 2102/2102/2102 2070/2070/2070
f 2070/2070/2070 2102/2102/2102 2103/2103/2103
f 2070/2070/2070 2103/2103/2103 2071/2071/2071
f 2071/2071/2071 2103/2103/2103 2104/2104/2104
f 2071/2071/2071 2104/2104/2104 2072/2072/2072
f 2072/2072/2072 2104/2104/2104 2105/2105/2105
f 2072/2072/2072 2105/2105/2105 2073/2073/2073
f 2073/2073/2073 2105/2105/2105 2106/2106/2106
f 2073/2073/2073 2106/2106/2106 2074/2074/2074
f 2074/2074/2074 2106/2106/2106 2107/2107/2107
f 2074/2074/2074 2107/2107/2107 2075/2075/2075
f 2075/2075/2075 2107/2107/2107 2108/2108/2108
f 2075/2075/2075 2108/2108/2108 2076/2076/2076
f 2076/2076/2076 2108/2108/2108 2109/2109/2109
f 2076/2076/2076 2109/2109/2109 2077/2077/2077
f 2077/2077/2077 2109/2109/2109 2110/2110/2110
f 2077/2077/2077 2110/2110/2110 2078/2078/2078
f 2078/2078/2078 2110/2110/2110 2111/2111/2111
f 2078/2078/2078 2111/2111/2111 2079/2079/2079
f 2079/2079/2079 2111/2111/2111 2112/2112/2112
f 2079/2079/2079 2112/2112/2112 2080/2080/2080
f 2080/2080/2080 2112/2112/2112 2081/2081/2081
f 2080/2080/2080 2081/2081/2081 2049/2049/2049




o 9-plate-holeSide
usemtl burnededges

